5951at33208a	TRINITY_DN5762_c0_g2_i4
9639at33208a	SPADES.k25.NODE_805_length_9064_cov_60.614670_g39_i16
9639at33208a	SPADES.k25.NODE_380_length_11024_cov_50.453223_g39_i13
9639at33208a	SPADES.k25.NODE_230_length_12883_cov_48.397029_g39_i9
13816at33208a	TRINITY_DN3798_c0_g1_i9
14776at33208a	SPADES.k41.NODE_1932_length_8095_cov_55.726968_g784_i12
16244at33208a	SPADES.k53.NODE_606_length_10562_cov_30.941193_g358_i0
40200at33208a	SPADES.k25.NODE_13049_length_3887_cov_69.162610_g420_i2
45934at33208a	TRINITY_DN8222_c0_g1_i2
49474at33208a	TransABySS.k25.S1378799
50756at33208a	SPADES.k53.NODE_4876_length_6239_cov_33.018914_g2075_i0
56573at33208a	SOAP.k41.C1234312
56573at33208a	SPADES.k41.NODE_10431_length_4791_cov_68.953263_g3222_i1
57158at33208a	TransABySS.k41.R612015
63697at33208a	TRINITY_DN21942_c0_g1_i8
63697at33208a	TRINITY_DN865_c0_g1_i1
64435at33208a	SOAP.k25.C2381706
65302at33208a	TRINITY_DN73233_c0_g1_i2
65302at33208a	TRINITY_DN73233_c0_g1_i3
65302at33208a	TRINITY_DN3966_c0_g1_i8
66018at33208a	TRINITY_DN551_c1_g3_i4
75406at33208a	TRINITY_DN161_c0_g1_i21
76852at33208a	SPADES.k41.NODE_2349_length_7675_cov_55.925858_g1108_i0
84980at33208a	TRINITY_DN27628_c0_g1_i1
84980at33208a	TransABySS.k25.R1367429
88053at33208a	TransABySS.k41.R610038
92367at33208a	TRINITY_DN2456_c1_g1_i51
99614at33208a	TRINITY_DN4815_c0_g1_i7
99987at33208a	SOAP.k25.scaffold2850
102804at33208a	SPADES.k25.NODE_19143_length_3325_cov_6.374242_g4426_i2
102804at33208a	TransABySS.k41.R603953
103854at33208a	SPADES.k25.NODE_29059_length_2730_cov_101.509797_g6892_i2
107151at33208a	TransABySS.k25.R1373356
107574at33208a	TransABySS.k41.R631858
108764at33208a	TransABySS.k41.R631858
109109at33208a	TRINITY_DN831_c0_g1_i15
111730at33208a	TRINITY_DN1536_c0_g1_i162
111730at33208a	TransABySS.k25.R1373633
111746at33208a	SPADES.k25.NODE_6313_length_5044_cov_77.003188_g2634_i0
111746at33208a	SPADES.k25.NODE_15512_length_3631_cov_72.018580_g2634_i5
114954at33208a	SPADES.k25.NODE_163430_length_710_cov_2.217518_g96749_i0
115878at33208a	TransABySS.k53.R411888
118209at33208a	TRINITY_DN648_c1_g1_i7
119252at33208a	SPADES.k53.NODE_40007_length_2366_cov_3.851708_g14959_i0
119252at33208a	SOAP.k41.C1225976
119591at33208a	TRINITY_DN9030_c0_g1_i2
121127at33208a	TRINITY_DN7507_c0_g2_i1
123923at33208a	SPADES.k25.NODE_16564_length_3535_cov_67.293447_g6474_i0
124302at33208a	TRINITY_DN3942_c0_g1_i12
124302at33208a	TRINITY_DN3942_c0_g1_i13
127766at33208a	TRINITY_DN3906_c0_g3_i3
127766at33208a	SPADES.k53.NODE_3995_length_6614_cov_51.958543_g1744_i0
129179at33208a	TransABySS.k25.R1358522
130245at33208a	TRINITY_DN2674_c0_g1_i39
130256at33208a	SPADES.k25.NODE_1858_length_7181_cov_79.345724_g902_i0
130256at33208a	TRINITY_DN8090_c0_g1_i7
131349at33208a	TransABySS.k25.R1380131
131848at33208a	TRINITY_DN4084_c4_g3_i22
132087at33208a	SPADES.k53.NODE_10944_length_4697_cov_56.106158_g244_i22
134492at33208a	TransABySS.k25.R1389285
135294at33208a	TransABySS.k25.R1387934
137383at33208a	SPADES.k25.NODE_12124_length_4005_cov_76.914070_g2087_i3
137383at33208a	TRINITY_DN7085_c1_g1_i23
137383at33208a	SPADES.k41.NODE_5165_length_6135_cov_72.057105_g924_i3
139188at33208a	TRINITY_DN6317_c1_g1_i28
143619at33208a	SPADES.k25.NODE_46853_length_2099_cov_5.641273_g19049_i0
143619at33208a	SPADES.k53.NODE_52898_length_1928_cov_2.611200_g21363_i0
143619at33208a	TransABySS.k25.R1417298
143997at33208a	TransABySS.k41.S656823
143997at33208a	SPADES.k25.NODE_3202_length_6172_cov_70.661624_g1464_i0
146671at33208a	SPADES.k53.NODE_8939_length_5074_cov_54.758415_g3315_i1
147873at33208a	SOAP.k25.C2371308
147873at33208a	SPADES.k25.NODE_10106_length_4284_cov_95.988495_g2879_i1
148067at33208a	SPADES.k41.NODE_16483_length_3953_cov_64.231339_g5858_i0
148325at33208a	TRINITY_DN2590_c0_g3_i16
152327at33208a	SPADES.k25.NODE_15016_length_3680_cov_88.773187_g1775_i5
152327at33208a	SPADES.k25.NODE_107375_length_1134_cov_4.389540_g53988_i0
152977at33208a	SPADES.k25.NODE_16045_length_3583_cov_85.580101_g6270_i0
153034at33208a	SPADES.k53.NODE_36515_length_2518_cov_63.827586_g9232_i1
157109at33208a	SOAP.k25.scaffold35306
157109at33208a	SOAP.k25.scaffold35307
157138at33208a	TRINITY_DN131632_c0_g1_i1
158845at33208a	SOAP.k25.scaffold24120
158962at33208a	SPADES.k25.NODE_18395_length_3385_cov_50.590476_g7139_i0
162821at33208a	SPADES.k25.NODE_23104_length_3053_cov_52.590489_g8931_i0
164767at33208a	TransABySS.k25.R1363831
166097at33208a	TransABySS.k53.R404786
166097at33208a	SPADES.k25.NODE_701_length_9466_cov_78.910285_g383_i0
168850at33208a	SOAP.k41.scaffold15855
168924at33208a	TransABySS.k25.J1353263
169864at33208a	TRINITY_DN11973_c1_g1_i3
172677at33208a	TRINITY_DN416_c0_g1_i10
176247at33208a	SOAP.k53.C924606
177718at33208a	TransABySS.k41.S682224
177718at33208a	TRINITY_DN6321_c0_g1_i6
177718at33208a	SPADES.k25.NODE_9416_length_4396_cov_58.436971_g850_i2
177858at33208a	SPADES.k41.NODE_41617_length_2396_cov_6.291720_g15195_i0
178537at33208a	TransABySS.k41.R622211
178537at33208a	SPADES.k25.NODE_10506_length_4225_cov_69.964286_g305_i4
179485at33208a	SOAP.k53.C930008
179485at33208a	SOAP.k25.scaffold33292
179485at33208a	SPADES.k25.NODE_20840_length_3204_cov_99.064171_g6570_i2
180808at33208a	SPADES.k53.NODE_17952_length_3771_cov_60.841313_g4998_i2
180808at33208a	TRINITY_DN3186_c2_g1_i19
182834at33208a	TRINITY_DN6143_c0_g1_i5
184508at33208a	TRINITY_DN5565_c1_g1_i12
184717at33208a	TRINITY_DN83921_c0_g1_i1
184717at33208a	SPADES.k41.NODE_59658_length_1859_cov_3.647965_g23773_i0
184717at33208a	TRINITY_DN19185_c0_g1_i16
186208at33208a	SOAP.k25.C2381456
186707at33208a	SPADES.k25.NODE_76473_length_1517_cov_3.907507_g34742_i0
186707at33208a	TransABySS.k25.R1382664
187280at33208a	SPADES.k25.NODE_31918_length_2602_cov_10.877765_g12449_i0
187280at33208a	TRINITY_DN6295_c0_g1_i22
187280at33208a	TRINITY_DN61331_c0_g1_i1
189414at33208a	TransABySS.k25.R1388403
190726at33208a	TRINITY_DN14976_c0_g1_i1
190726at33208a	SPADES.k41.NODE_61295_length_1822_cov_9.572712_g24634_i0
191938at33208a	TransABySS.k41.R617905
192250at33208a	SPADES.k25.NODE_40489_length_2282_cov_91.822774_g16109_i0
194754at33208a	SPADES.k25.NODE_7914_length_4672_cov_52.761351_g3240_i0
195986at33208a	TransABySS.k41.R616208
196950at33208a	TransABySS.k41.R604718
197549at33208a	SPADES.k25.NODE_111442_length_1094_cov_3.157156_g56772_i0
197652at33208a	SPADES.k25.NODE_68287_length_1648_cov_4.160197_g1028_i8
197652at33208a	SPADES.k25.NODE_2138_length_6916_cov_67.529241_g1028_i0
200997at33208a	TRINITY_DN69745_c0_g2_i2
200997at33208a	TRINITY_DN4446_c0_g1_i20
201397at33208a	SPADES.k41.NODE_24660_length_3254_cov_75.502334_g7403_i1
202545at33208a	TRINITY_DN44666_c0_g1_i1
203128at33208a	SPADES.k25.NODE_58582_length_1829_cov_8.163525_g24917_i0
203128at33208a	SPADES.k25.NODE_69400_length_1630_cov_29.604984_g30683_i0
203128at33208a	SPADES.k25.NODE_58273_length_1835_cov_70.645856_g1856_i12
203698at33208a	SPADES.k25.NODE_11721_length_4054_cov_49.000496_g4647_i0
205220at33208a	TransABySS.k25.J1359121
206786at33208a	TRINITY_DN1069_c0_g1_i31
206786at33208a	SPADES.k25.NODE_73686_length_1561_cov_4.001953_g33132_i0
206858at33208a	TRINITY_DN3899_c0_g1_i13
207599at33208a	SPADES.k53.NODE_25587_length_3142_cov_60.843639_g4152_i2
208219at33208a	SPADES.k25.NODE_20560_length_3224_cov_99.401688_g4645_i2
210614at33208a	TransABySS.k25.R1381125
212972at33208a	SOAP.k41.scaffold16128
212972at33208a	SPADES.k25.NODE_2845_length_6389_cov_91.424733_g1317_i0
214788at33208a	SPADES.k25.NODE_43756_length_2183_cov_90.101946_g10781_i1
215654at33208a	SPADES.k25.NODE_56926_length_1863_cov_7.021763_g24030_i0
215654at33208a	SOAP.k53.scaffold29451
216257at33208a	TRINITY_DN1838_c0_g1_i2
216563at33208a	SPADES.k25.NODE_15074_length_3675_cov_96.360000_g1010_i3
218441at33208a	TRINITY_DN7891_c0_g1_i44
219795at33208a	TransABySS.k25.R1378477
219795at33208a	SPADES.k41.NODE_3335_length_6988_cov_55.312221_g1477_i0
219856at33208a	TRINITY_DN54415_c0_g2_i1
219856at33208a	SPADES.k41.NODE_5880_length_5877_cov_76.623886_g573_i6
222489at33208a	SPADES.k25.NODE_65488_length_1698_cov_3.961745_g28536_i0
222489at33208a	SOAP.k25.scaffold31491
222489at33208a	TRINITY_DN11361_c0_g1_i1
223234at33208a	Velvet.k53.NODE_1121000_length_1410_cov_17.598581
224280at33208a	SPADES.k25.NODE_47495_length_2082_cov_7.242586_g19347_i0
224280at33208a	SPADES.k25.NODE_47496_length_2082_cov_6.719008_g19347_i1
224280at33208a	TransABySS.k25.R1394548
226335at33208a	SPADES.k25.NODE_65442_length_1698_cov_90.723252_g12489_i5
226335at33208a	TRINITY_DN25370_c0_g1_i48
226941at33208a	TRINITY_DN261383_c0_g1_i1
226941at33208a	SOAP.k25.C2349522
227087at33208a	SOAP.k53.C937864
227453at33208a	TransABySS.k25.J1362536
227453at33208a	SPADES.k41.NODE_5914_length_5869_cov_77.264413_g2368_i0
227979at33208a	TransABySS.k25.R1358255
231157at33208a	SPADES.k25.NODE_5236_length_5368_cov_92.676961_g912_i4
231157at33208a	TRINITY_DN19313_c0_g1_i2
231700at33208a	SPADES.k25.NODE_7670_length_4724_cov_45.783358_g1468_i7
231700at33208a	SPADES.k41.NODE_2819_length_7315_cov_50.078224_g1287_i0
234290at33208a	TransABySS.k25.R1371524
234290at33208a	TransABySS.k41.R621119
235149at33208a	SPADES.k41.NODE_35348_length_2653_cov_5.016462_g12654_i0
235430at33208a	SOAP.k25.C2368420
235458at33208a	SPADES.k25.NODE_30901_length_2645_cov_85.090076_g12021_i0
239016at33208a	SPADES.k25.NODE_40199_length_2292_cov_58.344949_g15961_i0
239149at33208a	SPADES.k25.NODE_40199_length_2292_cov_58.344949_g15961_i0
239597at33208a	TRINITY_DN4514_c1_g1_i7
240437at33208a	SOAP.k53.C923608
244863at33208a	SPADES.k25.NODE_34279_length_2506_cov_85.669085_g3203_i3
245482at33208a	SPADES.k25.NODE_43125_length_2202_cov_5.740009_g17306_i0
245482at33208a	SOAP.k25.scaffold5999
245567at33208a	TransABySS.k53.S476769
246241at33208a	SPADES.k41.NODE_64864_length_1743_cov_80.113984_g7593_i3
246241at33208a	SPADES.k25.NODE_13724_length_3813_cov_82.403379_g5415_i0
246241at33208a	SPADES.k41.NODE_87693_length_1334_cov_4.153906_g40246_i0
247183at33208a	TransABySS.k25.S1421447
247905at33208a	TransABySS.k25.R1384322
249486at33208a	SPADES.k25.NODE_61057_length_1780_cov_30.821652_g26196_i0
251076at33208a	TransABySS.k25.R1356688
251577at33208a	SPADES.k41.NODE_12032_length_4526_cov_69.487402_g84_i7
251577at33208a	SPADES.k53.NODE_935_length_9609_cov_64.840310_g522_i0
255117at33208a	TRINITY_DN2350_c1_g1_i10
255242at33208a	TransABySS.k25.R1372886
255924at33208a	TransABySS.k53.J400849
257141at33208a	SPADES.k25.NODE_32867_length_2561_cov_103.141956_g12812_i0
257141at33208a	SOAP.k25.C2374512
257339at33208a	TRINITY_DN5447_c0_g1_i30
259581at33208a	TransABySS.k25.R1381613
260752at33208a	TRINITY_DN829_c2_g1_i8
261284at33208a	TransABySS.k25.R1394294
261614at33208a	SPADES.k41.NODE_44022_length_2305_cov_3.942138_g16246_i0
261614at33208a	TRINITY_DN2499_c0_g1_i17
262757at33208a	TransABySS.k53.R409793
266460at33208a	SPADES.k25.NODE_42074_length_2233_cov_7.918931_g16841_i0
266460at33208a	SOAP.k41.C1220626
266460at33208a	SPADES.k25.NODE_28672_length_2749_cov_102.405653_g5404_i3
266469at33208a	SPADES.k25.NODE_25211_length_2929_cov_62.805441_g4109_i1
266469at33208a	SPADES.k25.NODE_10284_length_4257_cov_182.007798_g4109_i0
266808at33208a	SPADES.k25.NODE_76532_length_1516_cov_15.708920_g34776_i0
267439at33208a	TRINITY_DN1817_c1_g1_i10
267439at33208a	TRINITY_DN52810_c1_g2_i1
268134at33208a	SPADES.k25.NODE_1346_length_7911_cov_87.100051_g687_i0
268397at33208a	SPADES.k53.NODE_3412_length_6922_cov_60.605328_g1310_i1
268397at33208a	TRINITY_DN4469_c0_g1_i15
270594at33208a	SOAP.k41.C1227410
271297at33208a	SPADES.k25.NODE_14163_length_3772_cov_92.767547_g5579_i0
271742at33208a	TRINITY_DN35094_c0_g1_i1
271742at33208a	TransABySS.k41.R609355
272605at33208a	TRINITY_DN9810_c0_g3_i2
272605at33208a	SPADES.k53.NODE_501_length_10993_cov_26.810329_g301_i0
273040at33208a	SPADES.k41.NODE_7221_length_5481_cov_74.598529_g2817_i0
273367at33208a	SOAP.k53.scaffold34815
273989at33208a	TRINITY_DN3246_c0_g1_i6
274044at33208a	SPADES.k41.NODE_10916_length_4706_cov_62.246945_g1428_i2
274064at33208a	TRINITY_DN4882_c0_g1_i16
274769at33208a	SPADES.k53.NODE_43355_length_2234_cov_3.321871_g16480_i0
274769at33208a	SPADES.k41.NODE_49951_length_2114_cov_68.882296_g2401_i3
274992at33208a	SPADES.k53.NODE_58466_length_1779_cov_6.484357_g24420_i0
274992at33208a	SPADES.k25.NODE_54527_length_1915_cov_24.414815_g22801_i0
274992at33208a	TransABySS.k25.S1375879
277935at33208a	TRINITY_DN2968_c2_g1_i5
278227at33208a	SPADES.k25.NODE_9748_length_4338_cov_81.689775_g589_i2
279631at33208a	SPADES.k25.NODE_9748_length_4338_cov_81.689775_g589_i2
279992at33208a	SOAP.k53.scaffold4553
279992at33208a	SPADES.k41.NODE_8897_length_5080_cov_71.435801_g3146_i1
280914at33208a	TransABySS.k25.R1397695
281304at33208a	TRINITY_DN52072_c0_g2_i3
281693at33208a	SOAP.k53.C937944
281693at33208a	TransABySS.k41.R612219
283637at33208a	SPADES.k25.NODE_55507_length_1893_cov_5.518737_g23322_i0
283637at33208a	TRINITY_DN3500_c2_g2_i2
283637at33208a	SPADES.k25.NODE_48316_length_2061_cov_96.877210_g572_i9
284059at33208a	TRINITY_DN5633_c0_g4_i1
284059at33208a	SOAP.k53.C937300
285146at33208a	SPADES.k25.NODE_6854_length_4914_cov_84.095111_g1382_i3
285902at33208a	TRINITY_DN83366_c0_g1_i7
285966at33208a	SOAP.k25.C2363752
286553at33208a	TRINITY_DN9253_c0_g1_i4
289235at33208a	SPADES.k25.NODE_33171_length_2548_cov_99.816885_g6200_i2
289928at33208a	SPADES.k53.NODE_35029_length_2588_cov_63.555030_g10712_i1
291505at33208a	TRINITY_DN40981_c0_g1_i1
291875at33208a	TransABySS.k41.S667940
291875at33208a	SPADES.k25.NODE_12738_length_3926_cov_95.011792_g1240_i5
295556at33208a	SPADES.k41.NODE_8111_length_5261_cov_59.099425_g1046_i2
295556at33208a	TransABySS.k41.J612291
295775at33208a	TRINITY_DN625_c1_g1_i11
300303at33208a	TRINITY_DN12709_c0_g1_i17
301572at33208a	SPADES.k25.NODE_38125_length_2364_cov_91.271484_g15070_i0
302186at33208a	SPADES.k25.NODE_23371_length_3037_cov_183.918659_g9032_i0
302279at33208a	SOAP.k25.C2363278
302921at33208a	SOAP.k41.scaffold44308
303117at33208a	SPADES.k25.NODE_32021_length_2597_cov_133.494946_g12487_i0
304388at33208a	TransABySS.k41.R608728
304388at33208a	SPADES.k25.NODE_101829_length_1192_cov_3.072836_g50287_i0
305260at33208a	TransABySS.k25.R1389713
306101at33208a	SPADES.k25.NODE_76355_length_1518_cov_123.772940_g21610_i1
307109at33208a	SPADES.k25.NODE_61624_length_1769_cov_7.861812_g26496_i0
307109at33208a	SPADES.k41.NODE_27721_length_3051_cov_5.780399_g9777_i0
307109at33208a	SPADES.k25.NODE_53484_length_1940_cov_8.110705_g22280_i0
308610at33208a	TRINITY_DN18498_c0_g1_i5
308610at33208a	SPADES.k25.NODE_63489_length_1734_cov_22.240492_g27463_i0
308610at33208a	SPADES.k41.NODE_34202_length_2706_cov_81.780863_g12205_i0
311438at33208a	SPADES.k25.NODE_22814_length_3072_cov_81.091237_g8815_i0
311438at33208a	SOAP.k25.scaffold56033
311758at33208a	SOAP.k25.C2361420
311761at33208a	SOAP.k53.C930400
312577at33208a	TRINITY_DN8189_c0_g1_i10
313091at33208a	TransABySS.k25.R1389360
313091at33208a	SPADES.k25.NODE_16394_length_3550_cov_72.060142_g3466_i2
315044at33208a	SOAP.k41.C1222622
315393at33208a	SPADES.k25.NODE_64146_length_1721_cov_91.229363_g27818_i0
315393at33208a	SPADES.k41.NODE_33788_length_2725_cov_61.267884_g12057_i0
317470at33208a	SOAP.k41.scaffold38710
318483at33208a	TRINITY_DN61468_c0_g1_i3
318483at33208a	TRINITY_DN3834_c0_g1_i22
318532at33208a	TRINITY_DN1367_c0_g1_i102
318532at33208a	SPADES.k25.NODE_78202_length_1491_cov_26.614598_g35730_i0
319574at33208a	TransABySS.k41.R608818
320390at33208a	SOAP.k53.C936748
321332at33208a	SPADES.k41.NODE_3185_length_7070_cov_59.401480_g1245_i1
323399at33208a	SPADES.k53.NODE_32094_length_2742_cov_60.787282_g11648_i0
323473at33208a	SPADES.k25.NODE_109500_length_1113_cov_4.681985_g55438_i0
323473at33208a	SOAP.k41.C1183053
324249at33208a	TransABySS.k25.R1398561
325183at33208a	SPADES.k25.NODE_87098_length_1366_cov_7.103654_g41076_i0
325183at33208a	TransABySS.k53.J415463
327301at33208a	TRINITY_DN4358_c0_g1_i11
331112at33208a	SOAP.k25.C2376892
331186at33208a	TRINITY_DN148_c0_g1_i5
332870at33208a	SPADES.k53.NODE_65176_length_1621_cov_64.681760_g11732_i1
333062at33208a	SPADES.k25.NODE_75783_length_1528_cov_12.964737_g34333_i0
333062at33208a	TRINITY_DN23921_c0_g1_i2
333062at33208a	TRINITY_DN101_c0_g1_i2
333800at33208a	SOAP.k25.scaffold30595
334272at33208a	SPADES.k53.NODE_34779_length_2600_cov_72.024342_g12718_i0
334331at33208a	SPADES.k25.NODE_2920_length_6343_cov_72.423868_g1347_i0
334331at33208a	SOAP.k53.C931750
334331at33208a	SPADES.k25.NODE_13984_length_3788_cov_84.111613_g1347_i3
334336at33208a	TRINITY_DN77914_c0_g1_i2
334342at33208a	SPADES.k53.NODE_16610_length_3911_cov_64.076983_g1754_i1
334764at33208a	SPADES.k25.NODE_42947_length_2206_cov_96.722146_g17230_i0
334820at33208a	TRINITY_DN1643_c0_g1_i14
334820at33208a	TransABySS.k41.S300670
335107at33208a	SPADES.k41.NODE_64483_length_1752_cov_3.569842_g13616_i1
335107at33208a	TRINITY_DN3070_c0_g1_i9
336647at33208a	SPADES.k53.NODE_38261_length_2440_cov_5.124005_g14180_i0
338191at33208a	TRINITY_DN7809_c0_g3_i1
338191at33208a	SPADES.k25.NODE_12313_length_3981_cov_91.267695_g4883_i0
338482at33208a	SPADES.k25.NODE_16477_length_3542_cov_34.983793_g6444_i0
339127at33208a	SPADES.k25.NODE_49964_length_2021_cov_4.198898_g20559_i0
339319at33208a	TransABySS.k25.J1349806
340558at33208a	SOAP.k25.C2353122
340577at33208a	SOAP.k25.C2367272
344338at33208a	SPADES.k53.NODE_69376_length_1534_cov_3.374747_g31041_i0
344346at33208a	TRINITY_DN231645_c0_g1_i1
344346at33208a	SPADES.k25.NODE_37773_length_2378_cov_6.223119_g14919_i0
344442at33208a	SOAP.k53.C935990
344581at33208a	SPADES.k41.NODE_77305_length_1503_cov_5.160739_g33710_i0
344581at33208a	SPADES.k25.NODE_34105_length_2513_cov_6.079180_g13351_i0
344611at33208a	SOAP.k53.C920998
344611at33208a	SPADES.k25.NODE_8320_length_4593_cov_79.998905_g3405_i0
345099at33208a	TransABySS.k25.J1354911
345099at33208a	SPADES.k41.NODE_7864_length_5323_cov_71.277546_g2933_i1
345959at33208a	SPADES.k25.NODE_60119_length_1798_cov_4.648054_g25729_i0
346541at33208a	SPADES.k25.NODE_33609_length_2530_cov_90.496208_g4920_i2
347600at33208a	SOAP.k25.scaffold53476
348449at33208a	SPADES.k25.NODE_96665_length_1249_cov_3.642974_g46943_i0
348544at33208a	SPADES.k41.NODE_17992_length_3793_cov_6.596215_g6371_i0
348544at33208a	SPADES.k41.NODE_35724_length_2635_cov_82.958365_g568_i8
348544at33208a	SPADES.k25.NODE_17277_length_3473_cov_79.026102_g3465_i7
348761at33208a	SOAP.k41.C1196734
348761at33208a	SPADES.k41.NODE_93012_length_1256_cov_93.854321_g43669_i0
349064at33208a	TRINITY_DN703_c0_g3_i19
349627at33208a	TRINITY_DN2397_c0_g1_i11
351226at33208a	SOAP.k25.scaffold51518
351226at33208a	SPADES.k41.NODE_2438_length_7605_cov_54.580645_g1152_i0
352600at33208a	TransABySS.k25.J1361957
352600at33208a	SPADES.k25.NODE_100395_length_1207_cov_19.644670_g49343_i0
352854at33208a	TRINITY_DN37697_c0_g1_i2
352854at33208a	SPADES.k25.NODE_63146_length_1741_cov_6.729604_g27281_i0
353286at33208a	TransABySS.k25.R1389890
353768at33208a	SPADES.k41.NODE_97550_length_1197_cov_7.329585_g46762_i0
353768at33208a	TRINITY_DN25371_c0_g1_i2
354829at33208a	SPADES.k53.NODE_83504_length_1277_cov_3.836601_g40385_i0
354829at33208a	SPADES.k25.NODE_5818_length_5183_cov_40.878441_g2469_i0
354829at33208a	TRINITY_DN80730_c0_g1_i1
354949at33208a	SPADES.k25.NODE_56260_length_1876_cov_87.965964_g3155_i4
355210at33208a	SPADES.k41.NODE_22576_length_3404_cov_68.771038_g7792_i1
355739at33208a	SPADES.k25.NODE_40810_length_2271_cov_180.079252_g8743_i1
356175at33208a	TRINITY_DN53622_c0_g1_i1
356334at33208a	TransABySS.k25.R1354093
356503at33208a	SOAP.k53.C918838
356503at33208a	SPADES.k25.NODE_25089_length_2936_cov_94.281347_g9718_i0
357580at33208a	SPADES.k25.NODE_57784_length_1844_cov_99.240242_g1791_i10
357580at33208a	SPADES.k25.NODE_146051_length_817_cov_2.082071_g82575_i0
359075at33208a	TRINITY_DN26393_c0_g1_i3
359075at33208a	TransABySS.k25.R1380202
359324at33208a	SPADES.k25.NODE_99366_length_1219_cov_3.747069_g48678_i0
359324at33208a	TransABySS.k53.J421932
359369at33208a	SPADES.k25.NODE_55988_length_1882_cov_85.165859_g11036_i1
359532at33208a	SPADES.k25.NODE_55988_length_1882_cov_85.165859_g11036_i1
360379at33208a	TransABySS.k41.R602216
360379at33208a	SOAP.k25.scaffold1794
360379at33208a	TRINITY_DN2454_c1_g1_i22
360753at33208a	SOAP.k53.scaffold6379
360753at33208a	SPADES.k25.NODE_11406_length_4094_cov_69.271320_g2741_i1
361100at33208a	TRINITY_DN8655_c0_g1_i5
361203at33208a	SPADES.k25.NODE_67678_length_1658_cov_4.441519_g29751_i0
361203at33208a	TransABySS.k41.R621019
361216at33208a	SOAP.k53.C909623
363634at33208a	SPADES.k25.NODE_126775_length_958_cov_2.813505_g67733_i0
363840at33208a	TRINITY_DN2566_c0_g1_i1
363851at33208a	TransABySS.k41.S679991
364383at33208a	TRINITY_DN37092_c0_g1_i2
364694at33208a	SPADES.k53.NODE_40129_length_2361_cov_4.575823_g10737_i1
364694at33208a	TransABySS.k41.S656035
365323at33208a	SPADES.k53.NODE_47417_length_2093_cov_58.865686_g11967_i1
365561at33208a	SPADES.k25.NODE_66634_length_1676_cov_108.463961_g29155_i0
365691at33208a	SPADES.k41.NODE_57097_length_1921_cov_84.744149_g2489_i3
366124at33208a	TransABySS.k41.J610727
366124at33208a	TransABySS.k25.R1387083
366814at33208a	SOAP.k25.C2344848
366814at33208a	SPADES.k41.NODE_168_length_14164_cov_49.420378_g116_i0
366936at33208a	SPADES.k25.NODE_136608_length_883_cov_4.100233_g75183_i0
366936at33208a	SPADES.k25.NODE_122730_length_991_cov_17.819876_g64752_i0
367493at33208a	SPADES.k25.NODE_13012_length_3891_cov_92.682876_g5149_i0
367551at33208a	SOAP.k25.scaffold47440
367596at33208a	SPADES.k25.NODE_4054_length_5773_cov_66.802714_g1817_i0
367957at33208a	TransABySS.k25.R1436102
368565at33208a	TransABySS.k25.J1372542
368565at33208a	SPADES.k25.NODE_68163_length_1650_cov_8.593846_g30009_i0
368670at33208a	SPADES.k25.NODE_28936_length_2736_cov_89.864626_g11234_i0
368875at33208a	SPADES.k41.NODE_5581_length_5985_cov_78.069145_g2265_i0
371241at33208a	SPADES.k41.NODE_100600_length_1157_cov_4.991039_g48819_i0
371241at33208a	TRINITY_DN112545_c0_g1_i1
371241at33208a	SPADES.k25.NODE_34024_length_2515_cov_203.421285_g6806_i1
371297at33208a	SPADES.k25.NODE_68867_length_1638_cov_91.220707_g164_i27
371526at33208a	TRINITY_DN633_c1_g1_i10
372257at33208a	SPADES.k41.NODE_21330_length_3503_cov_66.640381_g5578_i3
372257at33208a	SPADES.k25.NODE_108574_length_1122_cov_5.487694_g54820_i0
372257at33208a	SPADES.k41.NODE_143606_length_754_cov_2.551192_g82719_i0
372707at33208a	SOAP.k41.scaffold25071
372707at33208a	TRINITY_DN2169_c0_g2_i1
372707at33208a	TRINITY_DN197925_c0_g1_i1
373040at33208a	SPADES.k25.NODE_81571_length_1442_cov_4.130558_g37730_i0
373040at33208a	SPADES.k25.NODE_58844_length_1823_cov_85.610679_g25047_i0
373040at33208a	SOAP.k41.scaffold36705
376982at33208a	SPADES.k41.NODE_95171_length_1228_cov_5.265375_g45115_i0
376982at33208a	SPADES.k25.NODE_51732_length_1979_cov_118.938076_g21392_i0
378033at33208a	SOAP.k25.C2374560
378316at33208a	TRINITY_DN76793_c0_g1_i13
378768at33208a	SPADES.k25.NODE_80404_length_1458_cov_2.833217_g37048_i0
378768at33208a	TRINITY_DN133_c0_g2_i14
378913at33208a	TRINITY_DN2407_c0_g3_i1
379076at33208a	SPADES.k25.NODE_39913_length_2302_cov_92.941590_g14150_i1
379636at33208a	TRINITY_DN32755_c0_g1_i1
379636at33208a	SPADES.k53.NODE_79555_length_1343_cov_4.129457_g37692_i0
379636at33208a	SOAP.k25.C2346448
379771at33208a	TransABySS.k25.J1354403
380583at33208a	SPADES.k41.NODE_107897_length_1071_cov_3.619417_g54074_i0
380583at33208a	SPADES.k25.NODE_104169_length_1166_cov_89.160386_g2504_i32
381303at33208a	SOAP.k41.C1209426
382000at33208a	SPADES.k25.NODE_96732_length_1248_cov_5.822567_g46989_i0
382000at33208a	TransABySS.k25.R1374838
382262at33208a	SPADES.k25.NODE_54257_length_1922_cov_3.278861_g22673_i0
382750at33208a	SPADES.k25.NODE_2530_length_6602_cov_37.262886_g1183_i0
383313at33208a	TransABySS.k53.R407381
384187at33208a	TransABySS.k53.R403048
386666at33208a	SPADES.k25.NODE_46634_length_2104_cov_92.081770_g18940_i0
386666at33208a	SPADES.k25.NODE_98707_length_1226_cov_5.780183_g48279_i0
387079at33208a	SOAP.k41.C1235462
387079at33208a	SPADES.k41.NODE_14862_length_4139_cov_77.112982_g2848_i2
387117at33208a	SPADES.k53.NODE_83781_length_1272_cov_40.762100_g40585_i0
387117at33208a	SPADES.k25.NODE_66372_length_1681_cov_61.393116_g28999_i0
387878at33208a	SOAP.k53.C925794
389367at33208a	SPADES.k25.NODE_114491_length_1065_cov_3.504808_g58854_i0
389367at33208a	SPADES.k41.NODE_123497_length_915_cov_3.018307_g65968_i0
389367at33208a	SOAP.k25.C2338674
389527at33208a	TRINITY_DN1998_c1_g1_i3
389570at33208a	TRINITY_DN3266_c1_g1_i6
389591at33208a	TRINITY_DN325_c2_g2_i1
390192at33208a	TRINITY_DN2168_c0_g1_i3
390402at33208a	SPADES.k41.NODE_98151_length_1189_cov_3.611498_g47166_i0
390402at33208a	SPADES.k53.NODE_1245_length_8993_cov_46.988702_g196_i4
391896at33208a	SPADES.k25.NODE_55382_length_1896_cov_6.208979_g23255_i0
391896at33208a	SPADES.k25.NODE_71416_length_1597_cov_7.459288_g23255_i1
391896at33208a	TRINITY_DN1141_c3_g1_i5
393219at33208a	SPADES.k25.NODE_8718_length_4521_cov_68.440614_g3543_i0
393291at33208a	SPADES.k25.NODE_51607_length_1982_cov_89.012264_g21326_i0
393419at33208a	SPADES.k25.NODE_63874_length_1727_cov_3.780259_g27673_i0
393419at33208a	SPADES.k25.NODE_52151_length_1970_cov_92.410283_g17313_i1
393895at33208a	TRINITY_DN59856_c0_g2_i1
395147at33208a	TRINITY_DN11894_c0_g1_i10
395183at33208a	TransABySS.k25.J1379675
395556at33208a	SPADES.k41.NODE_6379_length_5721_cov_55.932570_g2532_i0
395919at33208a	TRINITY_DN3860_c1_g1_i12
395948at33208a	TransABySS.k53.R412379
396237at33208a	TransABySS.k53.R403590
397019at33208a	SPADES.k25.NODE_49715_length_2026_cov_215.900050_g20437_i0
397019at33208a	SPADES.k25.NODE_65420_length_1699_cov_6.923536_g28501_i0
397659at33208a	SPADES.k25.NODE_70116_length_1618_cov_3.589454_g31076_i0
397659at33208a	TRINITY_DN5178_c1_g1_i19
398013at33208a	TransABySS.k25.J1374259
398013at33208a	SPADES.k25.NODE_52714_length_1958_cov_4.288670_g21884_i0
398202at33208a	SPADES.k41.NODE_31900_length_2821_cov_91.751439_g6824_i1
398607at33208a	SPADES.k25.NODE_87409_length_1362_cov_3.036649_g41270_i0
399092at33208a	SPADES.k41.NODE_112493_length_1021_cov_7.780612_g57300_i1
399092at33208a	TransABySS.k25.R1360262
399439at33208a	TRINITY_DN10280_c0_g1_i6
400042at33208a	SPADES.k25.NODE_63069_length_1742_cov_9.661619_g27242_i0
401196at33208a	TRINITY_DN165410_c0_g1_i1
401220at33208a	TRINITY_DN106861_c0_g1_i1
401220at33208a	SPADES.k41.NODE_59355_length_1866_cov_93.241644_g14772_i1
401679at33208a	SPADES.k41.NODE_2746_length_7360_cov_61.475885_g224_i9
401779at33208a	SPADES.k41.NODE_102227_length_1137_cov_5.120438_g49965_i0
401779at33208a	SPADES.k25.NODE_100419_length_1207_cov_7.104907_g49361_i1
401779at33208a	SPADES.k25.NODE_47092_length_2092_cov_90.739719_g7000_i3
403171at33208a	TransABySS.k25.J1368170
403817at33208a	SPADES.k25.NODE_130421_length_929_cov_2.424779_g70463_i0
403817at33208a	SPADES.k53.NODE_50077_length_2011_cov_56.877426_g11823_i3
404988at33208a	SPADES.k25.NODE_4434_length_5635_cov_59.522282_g230_i6
405257at33208a	TransABySS.k25.R1381220
406927at33208a	SPADES.k41.NODE_121951_length_929_cov_2.155405_g64737_i0
407472at33208a	SOAP.k53.scaffold14176
407472at33208a	SOAP.k25.scaffold25322
407472at33208a	SPADES.k25.NODE_9120_length_4448_cov_85.199186_g1552_i1
409006at33208a	SOAP.k41.scaffold31404
409186at33208a	SPADES.k25.NODE_30936_length_2644_cov_68.270332_g11423_i1
409186at33208a	TransABySS.k41.R610604
411515at33208a	TransABySS.k25.R1369769
411515at33208a	SPADES.k25.NODE_137795_length_874_cov_3.968198_g75698_i1
411664at33208a	SOAP.k53.C899156
411755at33208a	SPADES.k53.NODE_46213_length_2132_cov_4.682540_g17877_i0
411755at33208a	SPADES.k53.NODE_47372_length_2095_cov_3.860431_g17877_i1
412370at33208a	SPADES.k41.NODE_84043_length_1390_cov_3.137139_g27519_i1
412542at33208a	TRINITY_DN266899_c0_g1_i1
412542at33208a	TransABySS.k25.R1391493
412930at33208a	TransABySS.k25.R1384632
413334at33208a	TRINITY_DN1051_c0_g1_i5
414001at33208a	SPADES.k25.NODE_85292_length_1390_cov_11.758974_g21257_i1
414001at33208a	SPADES.k25.NODE_47236_length_2088_cov_96.689287_g4405_i7
414571at33208a	SPADES.k25.NODE_96476_length_1251_cov_13.147635_g46818_i0
414579at33208a	TransABySS.k25.R1372371
414603at33208a	TransABySS.k41.S617439
414603at33208a	SPADES.k41.NODE_9790_length_4911_cov_62.416222_g2672_i4
415618at33208a	TransABySS.k25.J1365630
416175at33208a	SPADES.k41.NODE_101356_length_1147_cov_92.469259_g45177_i1
418979at33208a	SPADES.k25.NODE_73654_length_1561_cov_41.563151_g33108_i0
418979at33208a	SPADES.k41.NODE_57724_length_1906_cov_29.285791_g22785_i0
418979at33208a	TransABySS.k53.R404376
419502at33208a	SPADES.k41.NODE_105453_length_1099_cov_6.403592_g52261_i0
419502at33208a	TransABySS.k25.J1347268
419914at33208a	SPADES.k41.NODE_35587_length_2641_cov_76.127692_g6487_i2
421396at33208a	TRINITY_DN67438_c0_g1_i1
421396at33208a	SPADES.k25.NODE_121260_length_1004_cov_6.065373_g63698_i0
421396at33208a	SPADES.k25.NODE_125728_length_966_cov_88.799150_g66957_i0
421685at33208a	TransABySS.k53.S440961
421685at33208a	TransABySS.k53.R400244
421732at33208a	SPADES.k25.NODE_61996_length_1762_cov_7.423719_g26690_i0
421732at33208a	SPADES.k41.NODE_63767_length_1768_cov_4.056746_g25257_i1
421732at33208a	SPADES.k53.NODE_57802_length_1796_cov_3.102697_g24065_i0
422158at33208a	SOAP.k25.scaffold15838
422751at33208a	TransABySS.k53.S466823
423799at33208a	SPADES.k25.NODE_113831_length_1071_cov_6.974187_g58407_i0
423848at33208a	SPADES.k25.NODE_1783_length_7263_cov_79.506908_g866_i0
424392at33208a	SPADES.k25.NODE_129173_length_938_cov_100.257393_g69538_i0
424392at33208a	SPADES.k25.NODE_21383_length_3167_cov_92.522279_g6271_i2
424392at33208a	SPADES.k25.NODE_172637_length_661_cov_5.012579_g104704_i0
424569at33208a	SPADES.k41.NODE_76228_length_1522_cov_2.690749_g33084_i0
424646at33208a	SPADES.k25.NODE_149389_length_795_cov_3.610390_g85241_i0
424646at33208a	SOAP.k25.scaffold14566
427349at33208a	SOAP.k41.C1204352
427349at33208a	TransABySS.k25.J1378980
427349at33208a	SPADES.k25.NODE_51614_length_1982_cov_78.750128_g21330_i0
427789at33208a	SPADES.k25.NODE_24891_length_2947_cov_78.668720_g6129_i1
428202at33208a	SPADES.k41.NODE_20580_length_3561_cov_79.702557_g636_i8
428202at33208a	SPADES.k25.NODE_71691_length_1593_cov_2.926020_g31972_i0
428754at33208a	SPADES.k25.NODE_51504_length_1985_cov_5.879082_g21274_i0
429011at33208a	TransABySS.k41.S666950
429011at33208a	TRINITY_DN9158_c0_g1_i25
429274at33208a	SPADES.k25.NODE_74939_length_1541_cov_8.459103_g33854_i0
429751at33208a	SOAP.k25.scaffold54401
430701at33208a	SPADES.k25.NODE_43242_length_2198_cov_66.465255_g17353_i0
432050at33208a	TransABySS.k25.R1351680
432050at33208a	SOAP.k53.C877808
432050at33208a	TransABySS.k25.J1377661
432155at33208a	SPADES.k25.NODE_146041_length_817_cov_3.074495_g82566_i0
432155at33208a	SOAP.k41.scaffold43887
432155at33208a	SPADES.k25.NODE_3726_length_5914_cov_92.205468_g369_i6
432287at33208a	TransABySS.k25.R1384438
432522at33208a	SPADES.k53.NODE_113766_length_895_cov_1.637767_g63610_i0
433216at33208a	SPADES.k25.NODE_114081_length_1068_cov_103.503356_g58588_i0
433606at33208a	SPADES.k41.NODE_138952_length_788_cov_1.990629_g78734_i0
434068at33208a	TRINITY_DN693_c0_g2_i7
434863at33208a	SPADES.k25.NODE_81348_length_1444_cov_98.680056_g3649_i7
435253at33208a	SOAP.k25.C2374746
435678at33208a	TransABySS.k41.S691955
435921at33208a	SOAP.k25.C2335057
435939at33208a	TransABySS.k25.R1364926
436007at33208a	SOAP.k25.C2375210
436007at33208a	SPADES.k25.NODE_78829_length_1482_cov_4.330817_g36107_i0
436007at33208a	SPADES.k25.NODE_78831_length_1482_cov_3.690460_g36107_i1
436098at33208a	SPADES.k25.NODE_69281_length_1632_cov_5.850031_g30619_i0
436098at33208a	TransABySS.k41.S607703
436539at33208a	SOAP.k53.C882154
436539at33208a	SPADES.k41.NODE_113062_length_1015_cov_4.372690_g57919_i0
436539at33208a	TransABySS.k41.R617370
437653at33208a	TransABySS.k41.S702927
437653at33208a	SOAP.k41.scaffold1428
438133at33208a	SPADES.k41.NODE_77909_length_1491_cov_73.505517_g34091_i0
438133at33208a	SPADES.k25.NODE_88758_length_1344_cov_70.789992_g42062_i0
438133at33208a	SPADES.k25.NODE_86971_length_1367_cov_53.052906_g40993_i0
438433at33208a	SPADES.k41.NODE_101647_length_1144_cov_8.127833_g49548_i0
438433at33208a	TransABySS.k41.R611730
438433at33208a	SPADES.k25.NODE_20709_length_3214_cov_80.630919_g544_i59
438453at33208a	TRINITY_DN338_c1_g1_i2
439736at33208a	SPADES.k25.NODE_34823_length_2485_cov_100.054878_g12289_i1
440195at33208a	TransABySS.k41.R619009
440493at33208a	TransABySS.k53.S435289
441575at33208a	SOAP.k25.scaffold15529
441575at33208a	TRINITY_DN1251_c0_g2_i1
441575at33208a	SPADES.k25.NODE_8344_length_4589_cov_65.762051_g252_i5
442169at33208a	TRINITY_DN8960_c0_g1_i1
442203at33208a	SPADES.k53.NODE_49697_length_2023_cov_42.686802_g10451_i3
442823at33208a	SPADES.k41.NODE_6183_length_5787_cov_61.512704_g1347_i4
443305at33208a	SPADES.k25.NODE_19504_length_3298_cov_72.860984_g7544_i0
443518at33208a	SPADES.k41.NODE_96873_length_1205_cov_5.022337_g46306_i0
443518at33208a	TransABySS.k41.R605297
443518at33208a	TRINITY_DN9145_c0_g1_i23
443659at33208a	SPADES.k53.NODE_157742_length_577_cov_1.465649_g103819_i0
443928at33208a	SOAP.k53.scaffold24688
444160at33208a	SPADES.k25.NODE_158744_length_737_cov_3.398876_g92873_i0
444160at33208a	SPADES.k25.NODE_31808_length_2606_cov_90.588532_g12408_i0
444160at33208a	SPADES.k53.NODE_33191_length_2679_cov_61.943641_g12059_i0
444231at33208a	TransABySS.k53.S461867
445031at33208a	TRINITY_DN6197_c0_g1_i1
445031at33208a	SOAP.k25.scaffold56269
445034at33208a	SOAP.k25.C2375160
445034at33208a	SPADES.k41.NODE_1859_length_8176_cov_14.758697_g901_i0
445034at33208a	SPADES.k25.NODE_85363_length_1389_cov_7.255865_g40001_i0
445091at33208a	SPADES.k41.NODE_70287_length_1633_cov_4.987437_g29569_i0
446000at33208a	SPADES.k41.NODE_83428_length_1400_cov_3.735835_g37512_i0
446031at33208a	SPADES.k41.NODE_29537_length_2946_cov_69.569363_g1056_i6
447320at33208a	TRINITY_DN483_c0_g1_i2
447400at33208a	SPADES.k25.NODE_50323_length_2013_cov_3.990946_g20728_i0
447400at33208a	SPADES.k25.NODE_52542_length_1961_cov_89.719525_g9942_i3
448196at33208a	SOAP.k41.C1152062
448196at33208a	SOAP.k41.C1162299
448196at33208a	SPADES.k25.NODE_145677_length_819_cov_13.702771_g82269_i0
448514at33208a	SOAP.k41.C1198308
449056at33208a	SOAP.k41.C1198308
449139at33208a	TransABySS.k25.R1382230
449139at33208a	SPADES.k25.NODE_22134_length_3117_cov_70.053364_g4685_i1
449189at33208a	SPADES.k41.NODE_60478_length_1840_cov_7.507504_g24213_i0
449189at33208a	SPADES.k25.NODE_57385_length_1853_cov_18.400985_g24268_i0
449189at33208a	SOAP.k25.scaffold39321
450643at33208a	SPADES.k25.NODE_129385_length_937_cov_5.303728_g67265_i1
450785at33208a	SPADES.k25.NODE_92325_length_1301_cov_5.740596_g41403_i1
451242at33208a	SPADES.k25.NODE_4372_length_5658_cov_59.293627_g1132_i4
451957at33208a	TransABySS.k41.R608598
451957at33208a	TRINITY_DN2054_c0_g1_i5
452208at33208a	SPADES.k25.NODE_135496_length_891_cov_3.836028_g74319_i0
452208at33208a	TRINITY_DN11524_c0_g1_i1
452208at33208a	TransABySS.k41.S704156
452499at33208a	TRINITY_DN2424_c0_g1_i118
452574at33208a	SPADES.k41.NODE_26900_length_3103_cov_55.533965_g5750_i1
452574at33208a	TransABySS.k25.R1405286
453049at33208a	TRINITY_DN57570_c0_g1_i1
453052at33208a	TRINITY_DN6568_c0_g1_i11
453056at33208a	TRINITY_DN77795_c0_g1_i3
453687at33208a	TransABySS.k53.S432378
454911at33208a	TransABySS.k25.R1380306
455512at33208a	SPADES.k25.NODE_52767_length_1956_cov_70.927499_g922_i16
455941at33208a	TRINITY_DN2619_c2_g1_i5
456998at33208a	SPADES.k25.NODE_44338_length_2166_cov_116.425502_g12837_i1
457777at33208a	TransABySS.k25.R1382084
458807at33208a	SPADES.k41.NODE_112864_length_1017_cov_8.278689_g57762_i0
458807at33208a	SOAP.k53.C877398
458807at33208a	TransABySS.k25.J1369313
458974at33208a	SPADES.k25.NODE_122330_length_995_cov_2.245361_g64471_i0
458988at33208a	SPADES.k25.NODE_43819_length_2182_cov_5.251275_g17631_i0
458988at33208a	TransABySS.k25.R1387786
459253at33208a	TRINITY_DN31185_c0_g2_i1
459253at33208a	SPADES.k25.NODE_134641_length_897_cov_5.143349_g73688_i0
460044at33208a	TransABySS.k25.S1361465
460518at33208a	TransABySS.k53.R399252
460518at33208a	SPADES.k25.NODE_132375_length_914_cov_2.479190_g71929_i0
461123at33208a	SPADES.k25.NODE_132903_length_910_cov_2.702825_g72335_i0
461123at33208a	TRINITY_DN708_c0_g1_i1
461193at33208a	TRINITY_DN59830_c0_g1_i1
462325at33208a	TRINITY_DN26681_c0_g1_i1
462325at33208a	SPADES.k25.NODE_14106_length_3778_cov_75.160671_g1454_i4
462897at33208a	SPADES.k25.NODE_38868_length_2338_cov_99.058366_g4136_i1
463071at33208a	TRINITY_DN227248_c0_g1_i1
464204at33208a	TransABySS.k53.S439645
464204at33208a	SPADES.k41.NODE_727_length_10328_cov_43.513561_g404_i0
464243at33208a	SPADES.k25.NODE_1100_length_8360_cov_76.700420_g577_i0
464286at33208a	SOAP.k53.C937772
464312at33208a	SOAP.k25.C2373148
464987at33208a	SPADES.k53.NODE_122172_length_817_cov_4.810209_g70828_i0
464987at33208a	TRINITY_DN9807_c0_g1_i1
464987at33208a	SPADES.k25.NODE_164114_length_706_cov_5.610866_g97331_i0
465092at33208a	SOAP.k25.C2367968
465401at33208a	SPADES.k25.NODE_5246_length_5366_cov_118.679835_g2254_i0
465512at33208a	TransABySS.k25.S1427123
465512at33208a	SPADES.k41.NODE_5782_length_5916_cov_56.830979_g1149_i2
465651at33208a	TransABySS.k25.R1377148
465703at33208a	TRINITY_DN54480_c0_g1_i1
465703at33208a	SOAP.k53.C887010
465933at33208a	SPADES.k41.NODE_89836_length_1303_cov_2.290016_g41588_i0
465933at33208a	SPADES.k25.NODE_100695_length_1204_cov_5.217133_g49544_i0
465933at33208a	SPADES.k25.NODE_105401_length_1154_cov_5.458813_g52639_i0
466616at33208a	SPADES.k41.NODE_8691_length_5127_cov_60.021038_g3308_i0
466942at33208a	SPADES.k25.NODE_32193_length_2590_cov_85.870175_g1257_i21
466942at33208a	SPADES.k25.NODE_24516_length_2968_cov_94.574584_g1257_i15
467106at33208a	SPADES.k41.NODE_57252_length_1918_cov_4.229089_g22058_i1
467106at33208a	SPADES.k41.NODE_56273_length_1943_cov_5.274448_g22058_i0
467106at33208a	SPADES.k25.NODE_4775_length_5514_cov_77.105848_g1981_i1
467142at33208a	SPADES.k25.NODE_115641_length_1054_cov_2.555879_g59675_i0
467142at33208a	SPADES.k25.NODE_50997_length_1996_cov_97.471334_g21022_i0
467744at33208a	TRINITY_DN17175_c0_g1_i13
468248at33208a	SPADES.k41.NODE_62449_length_1797_cov_4.730068_g25225_i0
468248at33208a	SPADES.k53.NODE_66866_length_1586_cov_3.613177_g29465_i0
468248at33208a	TransABySS.k25.R1364319
468359at33208a	SPADES.k25.NODE_22399_length_3099_cov_97.676968_g8659_i0
468359at33208a	SPADES.k25.NODE_89167_length_1339_cov_14.262557_g42334_i0
468631at33208a	SOAP.k53.scaffold13380
468710at33208a	SPADES.k25.NODE_124408_length_977_cov_3.377101_g66007_i0
468757at33208a	SPADES.k25.NODE_23247_length_3045_cov_46.724172_g7457_i1
469367at33208a	SPADES.k25.NODE_76297_length_1519_cov_156.479920_g31942_i1
470197at33208a	SPADES.k25.NODE_58363_length_1833_cov_150.773783_g474_i9
470523at33208a	TransABySS.k25.S1367996
471608at33208a	SPADES.k41.NODE_2599_length_7455_cov_54.901807_g922_i2
471608at33208a	SPADES.k25.NODE_146132_length_816_cov_15.271808_g82628_i0
471787at33208a	SPADES.k25.NODE_34826_length_2485_cov_68.167073_g13651_i0
472313at33208a	SPADES.k53.NODE_85637_length_1244_cov_6.002519_g41879_i0
472313at33208a	SPADES.k41.NODE_95747_length_1220_cov_9.322307_g45506_i0
472313at33208a	TRINITY_DN28143_c0_g1_i4
472352at33208a	TRINITY_DN4486_c0_g1_i12
473106at33208a	TransABySS.k53.R424777
474144at33208a	SOAP.k53.C862016
474144at33208a	SOAP.k25.C2294494
474302at33208a	TransABySS.k25.R1365554
474387at33208a	TransABySS.k53.S470489
475826at33208a	TransABySS.k25.S1452167
476036at33208a	SPADES.k25.NODE_109581_length_1112_cov_3.367065_g43502_i1
477052at33208a	TRINITY_DN1385_c0_g1_i1
477052at33208a	SOAP.k41.scaffold44169
477939at33208a	SPADES.k25.NODE_44357_length_2166_cov_70.628211_g17877_i0
477998at33208a	TRINITY_DN2748_c0_g1_i118
478073at33208a	SPADES.k41.NODE_137496_length_798_cov_52.120211_g77496_i0
478073at33208a	SOAP.k41.C1138287
478073at33208a	TransABySS.k53.S415382
478984at33208a	SOAP.k41.C1195231
480700at33208a	SPADES.k25.NODE_76640_length_1514_cov_104.840833_g34847_i0
480735at33208a	SPADES.k41.NODE_115930_length_986_cov_5.232804_g60081_i0
480735at33208a	SPADES.k25.NODE_109656_length_1111_cov_8.810313_g55538_i0
480735at33208a	TransABySS.k41.S666203
481557at33208a	SPADES.k25.NODE_80583_length_1455_cov_22.638462_g37144_i0
481557at33208a	TRINITY_DN6529_c2_g1_i5
482691at33208a	TRINITY_DN77757_c0_g2_i1
482691at33208a	SPADES.k53.NODE_1859_length_8150_cov_50.434729_g932_i0
483489at33208a	TransABySS.k25.R1398614
485003at33208a	SPADES.k25.NODE_126874_length_957_cov_8.816524_g67805_i0
485696at33208a	SPADES.k25.NODE_81219_length_1446_cov_82.523575_g18107_i4
485696at33208a	SOAP.k25.scaffold51392
486370at33208a	SPADES.k25.NODE_101023_length_1200_cov_15.061277_g49762_i0
486431at33208a	SPADES.k25.NODE_32837_length_2563_cov_13.762805_g12799_i0
486743at33208a	SPADES.k25.NODE_150247_length_789_cov_4.654450_g85933_i0
486743at33208a	SPADES.k53.NODE_93422_length_1130_cov_52.804085_g16791_i1
486993at33208a	TRINITY_DN14_c0_g1_i1
487873at33208a	SPADES.k41.NODE_21714_length_3468_cov_66.004377_g7636_i0
487873at33208a	SPADES.k53.NODE_177264_length_490_cov_1.949657_g123057_i0
487987at33208a	TRINITY_DN206320_c0_g1_i1
487987at33208a	TRINITY_DN6568_c0_g1_i21
488559at33208a	SPADES.k53.NODE_134391_length_719_cov_7.135135_g81756_i0
488559at33208a	TRINITY_DN18700_c0_g1_i1
488635at33208a	TransABySS.k25.S1404010
488635at33208a	SPADES.k25.NODE_11118_length_4133_cov_77.867089_g4431_i0
489359at33208a	SPADES.k41.NODE_55635_length_1958_cov_6.765780_g21739_i0
489858at33208a	TRINITY_DN8048_c0_g2_i4
489997at33208a	SPADES.k41.NODE_5881_length_5877_cov_62.743317_g301_i22
490248at33208a	TRINITY_DN1473_c1_g2_i1
490248at33208a	SPADES.k25.NODE_168411_length_683_cov_3.434650_g101029_i0
490961at33208a	SPADES.k25.NODE_66031_length_1687_cov_68.693742_g28816_i0
491252at33208a	TRINITY_DN5593_c0_g1_i13
491289at33208a	TRINITY_DN2815_c1_g1_i12
492033at33208a	SPADES.k25.NODE_166006_length_696_cov_1.491803_g98977_i0
492033at33208a	SPADES.k41.NODE_20622_length_3557_cov_76.316268_g7247_i0
493148at33208a	TransABySS.k41.J631276
493148at33208a	SPADES.k25.NODE_20045_length_3260_cov_67.069243_g265_i11
493505at33208a	SPADES.k25.NODE_24416_length_2974_cov_62.236012_g3958_i1
493913at33208a	TRINITY_DN239246_c0_g1_i1
493913at33208a	TransABySS.k25.J1378128
494057at33208a	SPADES.k25.NODE_4017_length_5791_cov_170.182622_g341_i3
494057at33208a	SOAP.k25.scaffold12681
494057at33208a	SPADES.k41.NODE_13308_length_4346_cov_61.117538_g229_i6
495100at33208a	SPADES.k53.NODE_36369_length_2525_cov_28.972492_g12595_i1
495175at33208a	SPADES.k25.NODE_124176_length_979_cov_2.560797_g65841_i0
495175at33208a	TRINITY_DN99791_c0_g2_i5
495175at33208a	SPADES.k25.NODE_152606_length_774_cov_4.699599_g87884_i0
495207at33208a	SPADES.k41.NODE_111849_length_1028_cov_4.872340_g57015_i0
495311at33208a	SPADES.k25.NODE_108886_length_1119_cov_3.201097_g55016_i0
495311at33208a	SPADES.k41.NODE_13907_length_4265_cov_36.177794_g3116_i1
495329at33208a	TRINITY_DN47716_c0_g1_i1
495329at33208a	TransABySS.k41.S603479
495389at33208a	TRINITY_DN75641_c0_g1_i2
495389at33208a	SPADES.k25.NODE_72199_length_1585_cov_7.544231_g32264_i0
495389at33208a	TransABySS.k25.S1435911
495605at33208a	SPADES.k25.NODE_106424_length_1144_cov_5.241287_g53335_i0
495605at33208a	TransABySS.k41.J626099
495605at33208a	SPADES.k53.NODE_45617_length_2153_cov_54.447143_g11942_i2
495802at33208a	TransABySS.k25.S1285658
495802at33208a	SPADES.k25.NODE_178219_length_633_cov_7.161184_g109579_i0
495926at33208a	TRINITY_DN241_c0_g1_i3
495926at33208a	SPADES.k25.NODE_25364_length_2920_cov_64.719516_g9836_i0
496070at33208a	SPADES.k25.NODE_147833_length_805_cov_3.105128_g80581_i1
496070at33208a	SPADES.k25.NODE_143471_length_834_cov_3.588381_g80581_i0
496219at33208a	SPADES.k25.NODE_117874_length_1034_cov_3.544103_g61259_i0
496219at33208a	TransABySS.k53.S423180
498535at33208a	SPADES.k53.NODE_63001_length_1669_cov_68.222153_g24729_i1
500261at33208a	SPADES.k53.NODE_77651_length_1376_cov_2.557823_g36378_i0
500261at33208a	SPADES.k25.NODE_79195_length_1476_cov_69.175741_g36325_i0
500808at33208a	TRINITY_DN3543_c0_g1_i22
501396at33208a	SPADES.k41.NODE_50420_length_2101_cov_3.620874_g19171_i0
501546at33208a	SPADES.k25.NODE_157407_length_745_cov_4.093056_g91766_i0
501546at33208a	SPADES.k25.NODE_122133_length_996_cov_83.745623_g64323_i0
501788at33208a	SPADES.k53.NODE_89934_length_1180_cov_3.804791_g44982_i0
502128at33208a	TRINITY_DN23313_c0_g1_i2
502128at33208a	SPADES.k41.NODE_63988_length_1763_cov_7.379210_g26046_i0
502128at33208a	SPADES.k41.NODE_34442_length_2696_cov_84.034275_g118_i111
502407at33208a	SPADES.k25.NODE_161992_length_718_cov_3.490620_g95535_i0
502407at33208a	TRINITY_DN73143_c0_g1_i4
502407at33208a	TransABySS.k25.S1425484
502429at33208a	SPADES.k25.NODE_105716_length_1151_cov_2.852575_g52859_i0
502429at33208a	SOAP.k25.scaffold26129
502584at33208a	SOAP.k53.C896602
502691at33208a	SPADES.k41.NODE_111751_length_1029_cov_4.164980_g56943_i0
502691at33208a	SPADES.k41.NODE_7782_length_5341_cov_75.432642_g1515_i2
503333at33208a	SPADES.k25.NODE_135493_length_891_cov_4.137413_g74316_i0
503333at33208a	TRINITY_DN660_c0_g1_i1
503828at33208a	TransABySS.k53.S438137
504207at33208a	TransABySS.k41.R606398
504207at33208a	SPADES.k25.NODE_101894_length_1191_cov_17.071184_g50332_i0
504292at33208a	SOAP.k53.C868026
504292at33208a	SPADES.k25.NODE_144645_length_826_cov_4.774032_g81472_i0
504292at33208a	SOAP.k25.C2379708
504691at33208a	SPADES.k25.NODE_170905_length_670_cov_2.720930_g103194_i0
504691at33208a	TransABySS.k25.R1364985
504731at33208a	TRINITY_DN81958_c0_g2_i1
504731at33208a	SOAP.k41.C1157193
504731at33208a	TransABySS.k53.S472180
504912at33208a	SPADES.k25.NODE_112345_length_1085_cov_7.342453_g57378_i0
504912at33208a	SOAP.k41.C1159201
505248at33208a	SPADES.k25.NODE_156895_length_748_cov_4.372061_g91350_i0
505718at33208a	SPADES.k25.NODE_156895_length_748_cov_4.372061_g91350_i0
508188at33208a	TransABySS.k41.R617948
508379at33208a	TRINITY_DN11057_c1_g1_i23
508986at33208a	SPADES.k41.NODE_115224_length_993_cov_3.908613_g59558_i0
509494at33208a	SOAP.k53.C796585
509494at33208a	SPADES.k25.NODE_177560_length_636_cov_88.042553_g108995_i0
509494at33208a	SPADES.k53.NODE_149746_length_619_cov_70.012367_g96099_i0
509816at33208a	TRINITY_DN1564_c0_g1_i3
510174at33208a	SPADES.k53.NODE_162601_length_553_cov_1.720000_g108580_i0
510522at33208a	TRINITY_DN89797_c0_g1_i1
510522at33208a	SPADES.k25.NODE_102062_length_1189_cov_85.824742_g50439_i0
510581at33208a	SPADES.k25.NODE_102062_length_1189_cov_85.824742_g50439_i0
511272at33208a	TRINITY_DN12326_c0_g1_i134
511272at33208a	SPADES.k41.NODE_3482_length_6911_cov_54.033333_g1051_i1
511386at33208a	SPADES.k25.NODE_43157_length_2201_cov_18.914982_g17318_i0
511386at33208a	TRINITY_DN963_c0_g1_i20
511386at33208a	TRINITY_DN963_c0_g1_i8
511575at33208a	TransABySS.k53.S441047
511575at33208a	SPADES.k25.NODE_188474_length_586_cov_4.103387_g118809_i0
511575at33208a	SPADES.k25.NODE_71718_length_1592_cov_57.614550_g669_i7
511668at33208a	SPADES.k25.NODE_132738_length_911_cov_11.613995_g72204_i0
511668at33208a	SPADES.k41.NODE_144192_length_750_cov_4.173484_g82680_i1
514121at33208a	SPADES.k41.NODE_95387_length_1225_cov_4.474662_g45257_i0
514296at33208a	SPADES.k25.NODE_162287_length_716_cov_10.464544_g95784_i0
514565at33208a	SPADES.k53.NODE_110987_length_923_cov_2.714943_g61284_i0
514565at33208a	SOAP.k25.C2311534
514675at33208a	SPADES.k25.NODE_120350_length_1012_cov_4.156028_g63033_i0
514675at33208a	SPADES.k41.NODE_155126_length_679_cov_2.542320_g92914_i0
514675at33208a	SPADES.k53.NODE_11255_length_4645_cov_58.222125_g1789_i2
514698at33208a	TRINITY_DN8201_c1_g1_i4
514698at33208a	SPADES.k53.NODE_22565_length_3369_cov_55.713209_g8092_i0
514724at33208a	SPADES.k25.NODE_56015_length_1882_cov_2.568659_g23578_i0
514727at33208a	TRINITY_DN199105_c0_g1_i1
514740at33208a	SPADES.k25.NODE_127640_length_951_cov_5.638229_g67628_i1
514740at33208a	SPADES.k25.NODE_126645_length_959_cov_5.554604_g67628_i0
514740at33208a	TransABySS.k41.S618672
514834at33208a	SPADES.k25.NODE_55595_length_1890_cov_104.943164_g23370_i0
514834at33208a	SPADES.k41.NODE_29519_length_2947_cov_94.317963_g10478_i0
514892at33208a	SPADES.k25.NODE_52547_length_1961_cov_80.005165_g912_i41
515058at33208a	TransABySS.k25.S1404251
515058at33208a	TransABySS.k53.S402255
515377at33208a	TransABySS.k53.R411600
515410at33208a	SPADES.k53.NODE_37784_length_2460_cov_53.159535_g13971_i0
515410at33208a	SPADES.k25.NODE_37024_length_2405_cov_88.042437_g14613_i0
515425at33208a	SPADES.k41.NODE_80448_length_1448_cov_4.363184_g35636_i0
515425at33208a	SPADES.k41.NODE_82898_length_1409_cov_4.448830_g37189_i0
515528at33208a	SPADES.k25.NODE_10178_length_4272_cov_71.761479_g1205_i5
515640at33208a	SOAP.k41.C1151130
515640at33208a	SPADES.k25.NODE_126977_length_956_cov_12.610097_g48489_i1
515640at33208a	TransABySS.k41.S703265
516078at33208a	TransABySS.k53.S456353
516078at33208a	TRINITY_DN336_c0_g1_i5
516321at33208a	SPADES.k41.NODE_152305_length_696_cov_5.161832_g90378_i0
516321at33208a	TRINITY_DN54965_c0_g1_i1
516321at33208a	TransABySS.k25.R1358738
516481at33208a	SPADES.k25.NODE_101074_length_1199_cov_88.920784_g706_i17
516659at33208a	SPADES.k41.NODE_60621_length_1836_cov_79.620613_g24285_i0
516659at33208a	SPADES.k25.NODE_26348_length_2867_cov_341.413793_g10229_i0
516659at33208a	SPADES.k41.NODE_45487_length_2253_cov_72.931736_g16891_i0
516716at33208a	SPADES.k25.NODE_44281_length_2168_cov_80.897340_g10441_i2
516716at33208a	SOAP.k25.scaffold40467
517311at33208a	SPADES.k25.NODE_16044_length_3583_cov_103.369028_g263_i12
517525at33208a	TRINITY_DN25594_c0_g1_i1
517525at33208a	SPADES.k25.NODE_75792_length_1528_cov_5.346640_g34341_i0
517525at33208a	TransABySS.k25.S1457120
517686at33208a	SOAP.k53.C690302
517686at33208a	SPADES.k25.NODE_171994_length_664_cov_16.062598_g104141_i0
517968at33208a	TRINITY_DN96795_c0_g1_i2
517968at33208a	TransABySS.k25.R1370864
518288at33208a	SPADES.k25.NODE_10235_length_4264_cov_99.544232_g2154_i1
518288at33208a	TRINITY_DN7601_c0_g1_i27
518569at33208a	SPADES.k25.NODE_34368_length_2502_cov_123.098506_g13464_i0
518635at33208a	SOAP.k25.C2366164
519030at33208a	SPADES.k25.NODE_125297_length_970_cov_6.463492_g66635_i0
519303at33208a	SOAP.k25.C2361194
519777at33208a	SPADES.k25.NODE_99353_length_1219_cov_6.962312_g48666_i0
520011at33208a	SPADES.k41.NODE_77308_length_1503_cov_4.484268_g33713_i0
521343at33208a	TransABySS.k53.R406169
522886at33208a	SOAP.k41.C1236118
522988at33208a	SPADES.k25.NODE_14593_length_3729_cov_93.885529_g326_i24
523206at33208a	SPADES.k25.NODE_102410_length_1186_cov_5.130060_g50671_i0
523206at33208a	TransABySS.k25.R1379255
523376at33208a	TransABySS.k53.J421927
523534at33208a	TRINITY_DN80110_c0_g1_i1
523534at33208a	SOAP.k25.scaffold56543
523534at33208a	TransABySS.k53.R403409
524148at33208a	SPADES.k25.NODE_35795_length_2450_cov_8.583918_g14077_i0
524165at33208a	SPADES.k25.NODE_25603_length_2907_cov_30.328938_g6552_i1
524322at33208a	SPADES.k25.NODE_128789_length_941_cov_113.004367_g17348_i5
525542at33208a	SPADES.k25.NODE_130866_length_925_cov_8.592222_g70795_i0
525542at33208a	SPADES.k41.NODE_138933_length_788_cov_4.139224_g78716_i0
525888at33208a	TransABySS.k25.S1416141
526074at33208a	SOAP.k53.C916094
526487at33208a	SPADES.k41.NODE_156231_length_672_cov_2.744849_g93916_i0
526487at33208a	TransABySS.k25.R1365781
526673at33208a	TransABySS.k53.S477057
526839at33208a	SPADES.k25.NODE_82842_length_1424_cov_6.892781_g38482_i0
527406at33208a	SPADES.k25.NODE_50865_length_1999_cov_91.185410_g12588_i1
528325at33208a	TRINITY_DN33470_c0_g1_i2
528325at33208a	SPADES.k25.NODE_159554_length_732_cov_7.446959_g93527_i0
528325at33208a	SPADES.k41.NODE_146811_length_732_cov_4.769899_g85515_i0
529092at33208a	SPADES.k25.NODE_155564_length_756_cov_3.098495_g90288_i0
529092at33208a	SPADES.k25.NODE_57895_length_1842_cov_87.068795_g24539_i0
529093at33208a	SPADES.k25.NODE_91728_length_1308_cov_4.655495_g43864_i0
529093at33208a	SPADES.k41.NODE_119070_length_955_cov_10.018600_g62488_i0
529093at33208a	SOAP.k53.scaffold6648
529708at33208a	TransABySS.k25.R1371368
529852at33208a	SPADES.k41.NODE_97017_length_1203_cov_6.300344_g46404_i0
530431at33208a	TRINITY_DN35987_c0_g1_i1
530431at33208a	TransABySS.k41.R608816
532406at33208a	SPADES.k25.NODE_109085_length_1117_cov_3.621795_g55150_i0
532406at33208a	TransABySS.k25.S1397948
532693at33208a	SOAP.k53.C903362
532728at33208a	SPADES.k25.NODE_70250_length_1615_cov_101.546541_g21890_i1
532728at33208a	SPADES.k25.NODE_177211_length_638_cov_8.510604_g108686_i0
532930at33208a	TRINITY_DN55744_c0_g1_i2
532930at33208a	TransABySS.k41.S667546
533666at33208a	TransABySS.k41.R619280
533666at33208a	SPADES.k53.NODE_644_length_10418_cov_67.301592_g235_i3
533690at33208a	SPADES.k53.NODE_94590_length_1115_cov_2.187382_g48417_i0
533690at33208a	SPADES.k25.NODE_78913_length_1480_cov_130.945704_g36166_i0
534172at33208a	SPADES.k25.NODE_114697_length_1063_cov_3.956647_g58999_i0
534206at33208a	TransABySS.k53.S472993
534312at33208a	SPADES.k41.NODE_128380_length_871_cov_5.013253_g69977_i0
534312at33208a	SPADES.k25.NODE_134511_length_898_cov_7.231386_g73583_i0
534312at33208a	TransABySS.k25.S1378163
534757at33208a	SPADES.k41.NODE_48372_length_2163_cov_83.760603_g4871_i4
534808at33208a	TransABySS.k25.R1383314
535268at33208a	TRINITY_DN7645_c1_g1_i3
535367at33208a	SOAP.k41.scaffold42255
535524at33208a	SPADES.k25.NODE_187506_length_590_cov_8.477876_g117920_i0
535524at33208a	SPADES.k53.NODE_8959_length_5070_cov_65.609528_g476_i9
535650at33208a	TRINITY_DN6962_c0_g1_i1
535650at33208a	SOAP.k53.scaffold33001
535650at33208a	SPADES.k25.NODE_155117_length_758_cov_77.759891_g89916_i0
535664at33208a	SPADES.k25.NODE_163538_length_709_cov_9.133041_g96829_i0
535664at33208a	SOAP.k41.C1097757
535664at33208a	SPADES.k25.NODE_181790_length_616_cov_5.182741_g112777_i0
535782at33208a	SPADES.k53.NODE_108132_length_953_cov_3.142222_g58964_i0
535782at33208a	SPADES.k25.NODE_93081_length_1292_cov_6.231255_g44717_i0
535782at33208a	TransABySS.k25.J1346564
535806at33208a	SPADES.k25.NODE_145742_length_819_cov_2.593199_g82328_i0
536251at33208a	SPADES.k25.NODE_158735_length_737_cov_4.081461_g92866_i0
536251at33208a	TransABySS.k25.J1367855
536251at33208a	TransABySS.k25.R1353933
537470at33208a	SPADES.k25.NODE_155177_length_758_cov_10.587995_g85552_i1
537470at33208a	SPADES.k25.NODE_149785_length_792_cov_11.130378_g85552_i0
537470at33208a	SOAP.k25.C2293382
537548at33208a	TRINITY_DN99694_c1_g1_i1
537548at33208a	SPADES.k25.NODE_60794_length_1785_cov_3.059091_g26075_i0
537548at33208a	TransABySS.k25.R1369423
537718at33208a	TransABySS.k53.R403748
537923at33208a	SOAP.k41.C1114158
537923at33208a	TransABySS.k25.J1359524
538442at33208a	SPADES.k53.NODE_98374_length_1067_cov_2.915187_g51281_i0
538442at33208a	SPADES.k53.NODE_105725_length_979_cov_3.292657_g57077_i0
538442at33208a	SPADES.k25.NODE_36458_length_2424_cov_137.410171_g8332_i2
539043at33208a	SPADES.k41.NODE_68524_length_1667_cov_70.997540_g15187_i2
539215at33208a	SOAP.k25.scaffold30523
539234at33208a	Velvet.k41.NODE_3785977_length_522_cov_3.936782
539234at33208a	SOAP.k53.scaffold26544
539234at33208a	SOAP.k25.C2304758
539360at33208a	Velvet.k41.NODE_4047671_length_645_cov_70.669769
539600at33208a	TRINITY_DN7922_c0_g1_i4
540193at33208a	SPADES.k25.NODE_23782_length_3013_cov_82.146921_g9195_i0
541231at33208a	SPADES.k41.NODE_118809_length_958_cov_4.054526_g62287_i0
541260at33208a	TRINITY_DN473_c0_g1_i25
541260at33208a	TRINITY_DN473_c0_g1_i12
541421at33208a	SOAP.k25.C2288746
541421at33208a	SPADES.k25.NODE_47039_length_2093_cov_143.944874_g18205_i2
543124at33208a	SPADES.k25.NODE_87266_length_1364_cov_2.351755_g41186_i0
543124at33208a	TransABySS.k53.R406034
543269at33208a	SPADES.k53.NODE_103030_length_1010_cov_2.159875_g54905_i0
544546at33208a	TransABySS.k53.S426084
544546at33208a	TransABySS.k41.J606064
544546at33208a	SPADES.k25.NODE_18786_length_3352_cov_68.466486_g3415_i1
544849at33208a	TRINITY_DN118520_c0_g1_i1
544919at33208a	TRINITY_DN4153_c4_g1_i20
545063at33208a	TransABySS.k41.S650671
545389at33208a	SOAP.k41.C1118324
545389at33208a	SPADES.k53.NODE_136612_length_704_cov_2.943164_g83791_i0
545389at33208a	SPADES.k25.NODE_108358_length_1124_cov_5.746133_g54668_i1
545641at33208a	Velvet.k41.NODE_74821_length_442_cov_2.199095
545641at33208a	SPADES.k53.NODE_118303_length_850_cov_63.708908_g28013_i3
545744at33208a	SOAP.k25.scaffold53904
545744at33208a	SOAP.k41.scaffold41282
545889at33208a	SPADES.k25.NODE_123113_length_988_cov_5.298027_g65042_i0
546305at33208a	Velvet.k53.NODE_346499_length_574_cov_3.108014
546305at33208a	TRINITY_DN110656_c0_g1_i1
546751at33208a	TRINITY_DN1113_c0_g1_i10
547099at33208a	SPADES.k25.NODE_116319_length_1048_cov_6.111437_g60158_i0
547099at33208a	SOAP.k25.C2325837
547341at33208a	SPADES.k25.NODE_79037_length_1479_cov_3.255846_g36231_i0
547766at33208a	SPADES.k25.NODE_5031_length_5432_cov_81.398927_g2180_i0
548327at33208a	SPADES.k25.NODE_113317_length_1076_cov_3.781161_g58051_i0
548327at33208a	SPADES.k53.NODE_82849_length_1287_cov_60.100486_g14300_i2
548444at33208a	SPADES.k25.NODE_15561_length_3626_cov_50.911969_g6089_i0
548732at33208a	SPADES.k53.NODE_164910_length_542_cov_3.535787_g110842_i0
548732at33208a	SPADES.k25.NODE_149799_length_792_cov_7.483703_g85565_i0
548732at33208a	SPADES.k25.NODE_87959_length_1354_cov_148.953348_g8177_i6
549156at33208a	TransABySS.k25.R1374076
549988at33208a	SPADES.k41.NODE_122052_length_928_cov_1.927847_g64825_i0
551166at33208a	TransABySS.k25.S1390470
551166at33208a	SPADES.k41.NODE_193219_length_496_cov_4.714286_g74924_i1
551620at33208a	SOAP.k25.C2356154
551632at33208a	SPADES.k25.NODE_135059_length_894_cov_5.386651_g73999_i0
551632at33208a	SPADES.k41.NODE_67683_length_1685_cov_3.254866_g28103_i0
551632at33208a	SPADES.k25.NODE_3179_length_6186_cov_81.258400_g1277_i2
551831at33208a	SPADES.k41.NODE_26129_length_3153_cov_81.201157_g5247_i1
551831at33208a	SPADES.k25.NODE_15888_length_3598_cov_95.519731_g6213_i0
552201at33208a	SOAP.k25.C2334707
552201at33208a	SPADES.k41.NODE_14268_length_4219_cov_65.032073_g5120_i0
552201at33208a	SPADES.k25.NODE_12740_length_3926_cov_93.866701_g5037_i0
552359at33208a	SPADES.k25.NODE_158456_length_738_cov_86.387097_g5516_i5
552359at33208a	SPADES.k25.NODE_159741_length_731_cov_5.420680_g89427_i1
552764at33208a	SPADES.k25.NODE_29991_length_2687_cov_95.329076_g686_i4
552949at33208a	TRINITY_DN13420_c0_g1_i1
553411at33208a	SOAP.k53.C912875
553585at33208a	TRINITY_DN35248_c0_g1_i2
553585at33208a	TRINITY_DN35248_c0_g1_i1
553585at33208a	TRINITY_DN1503_c0_g2_i17
554010at33208a	TRINITY_DN28733_c0_g1_i1
554010at33208a	TRINITY_DN28733_c0_g1_i3
554815at33208a	TRINITY_DN93342_c0_g1_i1
554815at33208a	SPADES.k41.NODE_3888_length_6691_cov_74.785113_g1653_i0
554815at33208a	SOAP.k41.C1221172
555162at33208a	TRINITY_DN76023_c0_g1_i3
555162at33208a	SPADES.k53.NODE_76093_length_1404_cov_15.418209_g34905_i1
555390at33208a	TransABySS.k25.R1392015
555390at33208a	SPADES.k25.NODE_172524_length_661_cov_73.270440_g104608_i0
555390at33208a	SPADES.k25.NODE_185806_length_597_cov_65.711538_g116407_i0
555538at33208a	SPADES.k25.NODE_178838_length_630_cov_3.963636_g110134_i0
555538at33208a	TransABySS.k25.R1379429
556039at33208a	Velvet.k53.NODE_517931_length_509_cov_10.785854
556189at33208a	SPADES.k25.NODE_125267_length_970_cov_17.760847_g66610_i0
556337at33208a	SPADES.k25.NODE_215515_length_483_cov_45.091703_g144223_i0
556337at33208a	SOAP.k53.C754998
556337at33208a	SPADES.k25.NODE_203348_length_525_cov_76.266000_g132641_i0
556445at33208a	SPADES.k25.NODE_58824_length_1823_cov_288.615684_g10875_i1
556445at33208a	SOAP.k25.scaffold37471
556461at33208a	SPADES.k53.NODE_34113_length_2633_cov_71.099612_g4890_i2
556461at33208a	SPADES.k25.NODE_7992_length_4657_cov_80.925518_g2681_i2
556461at33208a	SPADES.k53.NODE_13130_length_4353_cov_60.229535_g4890_i0
556510at33208a	TransABySS.k25.J1381194
556587at33208a	SPADES.k25.NODE_180541_length_622_cov_2.190955_g111653_i0
556587at33208a	SPADES.k25.NODE_65427_length_1698_cov_289.459653_g13542_i3
556750at33208a	SPADES.k25.NODE_192503_length_569_cov_3.229779_g122494_i0
556925at33208a	TRINITY_DN38443_c0_g2_i35
557292at33208a	SPADES.k25.NODE_130162_length_931_cov_6.508830_g70266_i0
557292at33208a	SPADES.k41.NODE_159178_length_655_cov_3.224756_g96612_i0
557292at33208a	SPADES.k25.NODE_154560_length_762_cov_4.093623_g89456_i0
557596at33208a	TransABySS.k41.S626539
557596at33208a	TRINITY_DN13339_c0_g1_i1
557596at33208a	TRINITY_DN13339_c0_g1_i4
557694at33208a	TRINITY_DN9559_c0_g1_i2
557834at33208a	TRINITY_DN27578_c0_g1_i3
557834at33208a	SPADES.k53.NODE_41124_length_2321_cov_2.897266_g15452_i0
557962at33208a	TRINITY_DN12631_c0_g1_i1
558368at33208a	SPADES.k41.NODE_90370_length_1295_cov_6.137959_g27804_i1
558368at33208a	TransABySS.k25.J1364923
558385at33208a	SOAP.k25.C2355240
558552at33208a	SPADES.k53.NODE_143500_length_657_cov_5.951987_g90174_i0
558552at33208a	SPADES.k41.NODE_141874_length_766_cov_4.922759_g81218_i0
558552at33208a	SOAP.k53.C906797
558791at33208a	SPADES.k41.NODE_134127_length_824_cov_4.891443_g74720_i0
558791at33208a	SPADES.k41.NODE_118394_length_962_cov_3.238871_g61968_i0
558897at33208a	TRINITY_DN106229_c0_g1_i1
558897at33208a	TransABySS.k25.R1375785
558933at33208a	SPADES.k53.NODE_115518_length_878_cov_5.409697_g65092_i0
558933at33208a	SPADES.k41.NODE_62570_length_1794_cov_68.305762_g13985_i2
559146at33208a	TRINITY_DN3735_c1_g1_i2
559146at33208a	SOAP.k53.scaffold14969
559501at33208a	SPADES.k53.NODE_36029_length_2541_cov_48.225482_g13222_i0
559501at33208a	TRINITY_DN1143_c1_g7_i1
559576at33208a	SPADES.k25.NODE_27758_length_2793_cov_99.657514_g6920_i2
559732at33208a	SPADES.k25.NODE_184180_length_605_cov_4.075862_g114955_i0
559732at33208a	SPADES.k25.NODE_190831_length_576_cov_2.834846_g120954_i0
559883at33208a	SPADES.k25.NODE_110916_length_1099_cov_2.939479_g56409_i0
559883at33208a	SPADES.k25.NODE_4389_length_5653_cov_86.308635_g1200_i2
559883at33208a	TRINITY_DN17408_c0_g1_i28
560453at33208a	TransABySS.k25.S1446723
560453at33208a	TransABySS.k53.S270667
560453at33208a	TransABySS.k53.R410035
560566at33208a	SOAP.k25.C2340426
560584at33208a	SPADES.k25.NODE_192723_length_568_cov_3.843462_g122692_i0
560584at33208a	TRINITY_DN8301_c2_g1_i4
560694at33208a	SPADES.k41.NODE_119203_length_954_cov_5.012048_g62593_i0
560694at33208a	SOAP.k53.C905893
561054at33208a	TransABySS.k25.J1346950
561054at33208a	TRINITY_DN3789_c0_g3_i1
561248at33208a	TransABySS.k25.S860994
561417at33208a	SPADES.k41.NODE_139843_length_781_cov_4.113514_g79492_i0
561417at33208a	SOAP.k53.C836719
561417at33208a	SPADES.k53.NODE_175435_length_497_cov_2.211712_g121240_i0
561688at33208a	SOAP.k41.scaffold24832
561878at33208a	SOAP.k25.C2319029
561943at33208a	SOAP.k41.scaffold44014
561943at33208a	SOAP.k41.scaffold44015
561943at33208a	SPADES.k25.NODE_103486_length_1174_cov_3.891210_g51377_i0
562780at33208a	SPADES.k41.NODE_32035_length_2815_cov_49.150324_g868_i18
563084at33208a	SPADES.k25.NODE_232355_length_433_cov_5.414216_g160700_i0
563084at33208a	SPADES.k25.NODE_241353_length_410_cov_1.714286_g169597_i0
563358at33208a	SPADES.k25.NODE_190872_length_576_cov_1.464610_g120995_i0
563358at33208a	SPADES.k25.NODE_8907_length_4485_cov_110.872197_g3606_i0
563359at33208a	SPADES.k41.NODE_109364_length_1055_cov_3.234714_g55170_i0
563426at33208a	SPADES.k25.NODE_94184_length_1279_cov_5.566986_g45400_i0
563679at33208a	SPADES.k25.NODE_206558_length_514_cov_2.617587_g135668_i0
563832at33208a	SPADES.k25.NODE_5011_length_5440_cov_70.553093_g2170_i0
563832at33208a	SPADES.k25.NODE_197898_length_547_cov_3.296935_g127508_i0
564234at33208a	SOAP.k53.C933837
564286at33208a	TRINITY_DN23689_c1_g1_i1
565053at33208a	TRINITY_DN2623_c0_g1_i21
566026at33208a	SPADES.k41.NODE_130596_length_852_cov_2.267571_g71778_i0
566116at33208a	SPADES.k53.NODE_111574_length_917_cov_3.142361_g61759_i0
566116at33208a	SPADES.k25.NODE_71743_length_1592_cov_4.895980_g31997_i0
566262at33208a	SPADES.k53.NODE_181807_length_473_cov_9.030952_g127573_i0
566447at33208a	TRINITY_DN54431_c0_g1_i1
566447at33208a	SPADES.k25.NODE_204033_length_523_cov_3.821285_g113009_i1
566447at33208a	SPADES.k25.NODE_3059_length_6259_cov_80.076676_g1403_i0
566527at33208a	TRINITY_DN75324_c0_g1_i1
566527at33208a	SPADES.k25.NODE_150557_length_787_cov_4.627297_g86191_i0
566527at33208a	SPADES.k25.NODE_4821_length_5499_cov_62.533248_g2101_i0
566916at33208a	SPADES.k25.NODE_257810_length_373_cov_2.528736_g185954_i0
567650at33208a	SPADES.k25.NODE_44047_length_2175_cov_53.793023_g17733_i0
567750at33208a	SPADES.k41.NODE_214092_length_429_cov_2.175258_g149664_i0
567750at33208a	SPADES.k25.NODE_176408_length_642_cov_5.401945_g107991_i0
567750at33208a	SPADES.k53.NODE_165082_length_541_cov_4.592213_g111009_i0
567809at33208a	TransABySS.k41.S684973
567809at33208a	TransABySS.k25.S1036510
567809at33208a	TransABySS.k25.S1360428
568022at33208a	SPADES.k41.NODE_154149_length_684_cov_85.073095_g92033_i0
568022at33208a	SPADES.k53.NODE_127524_length_772_cov_49.631433_g75558_i0
568022at33208a	TransABySS.k25.S1454867
568170at33208a	SPADES.k25.NODE_19298_length_3312_cov_92.255248_g5631_i1
568839at33208a	TransABySS.k25.J1370830
568949at33208a	Velvet.k41.NODE_583288_length_939_cov_3.064963
568949at33208a	SPADES.k53.NODE_96930_length_1085_cov_5.080426_g50180_i0
568949at33208a	SPADES.k41.NODE_104246_length_1113_cov_5.806903_g51403_i0
569294at33208a	SPADES.k25.NODE_156592_length_750_cov_3.353103_g91117_i0
569303at33208a	SPADES.k25.NODE_73142_length_1569_cov_92.512953_g994_i49
569812at33208a	SPADES.k25.NODE_113433_length_1075_cov_2.367619_g58139_i0
569878at33208a	SPADES.k41.NODE_132864_length_834_cov_1.982346_g73662_i0
570262at33208a	SPADES.k25.NODE_134376_length_899_cov_14.406178_g73470_i0
570262at33208a	SPADES.k25.NODE_134373_length_899_cov_16.868421_g73468_i0
570262at33208a	SPADES.k41.NODE_79236_length_1467_cov_84.173212_g7924_i15
570646at33208a	SPADES.k25.NODE_154516_length_762_cov_14.027137_g68443_i1
570646at33208a	SPADES.k25.NODE_127733_length_950_cov_10.858378_g68443_i0
570646at33208a	SPADES.k53.NODE_132873_length_730_cov_55.382570_g80385_i0
570717at33208a	TRINITY_DN2811_c0_g1_i6
571149at33208a	SOAP.k25.C2265648
571149at33208a	Velvet.k25.NODE_413444_length_465_cov_3.113978
571944at33208a	SPADES.k25.NODE_83073_length_1420_cov_92.775627_g38619_i0
572074at33208a	SPADES.k53.NODE_88472_length_1201_cov_3.683798_g43921_i0
572074at33208a	SOAP.k53.C921142
572434at33208a	SPADES.k25.NODE_111882_length_1090_cov_2.495775_g57069_i0
572463at33208a	TransABySS.k25.R1383115
572463at33208a	SPADES.k25.NODE_106312_length_1145_cov_3.765179_g53271_i0
572754at33208a	Velvet.k41.NODE_767490_length_550_cov_9.909091
572754at33208a	SPADES.k25.NODE_181757_length_616_cov_8.722504_g112746_i0
572754at33208a	SPADES.k25.NODE_143357_length_834_cov_111.456119_g45033_i1
572845at33208a	SPADES.k25.NODE_182448_length_613_cov_5.386054_g113368_i0
572845at33208a	SPADES.k25.NODE_192754_length_568_cov_2.836096_g122723_i0
572845at33208a	SPADES.k25.NODE_12660_length_3938_cov_98.890877_g1013_i5
573203at33208a	SOAP.k53.C925812
573237at33208a	SPADES.k25.NODE_51115_length_1994_cov_6.562722_g21084_i0
573237at33208a	SPADES.k41.NODE_63048_length_1784_cov_4.873781_g25554_i0
573237at33208a	SOAP.k25.scaffold49492
573313at33208a	TransABySS.k25.R1403495
574311at33208a	SPADES.k25.NODE_234624_length_427_cov_4.398010_g162934_i0
574311at33208a	SPADES.k25.NODE_233515_length_430_cov_4.088889_g161840_i0
575360at33208a	TransABySS.k25.J1370177
575360at33208a	SPADES.k25.NODE_51554_length_1983_cov_88.505107_g21299_i0
576633at33208a	TRINITY_DN54687_c0_g1_i2
576633at33208a	SPADES.k25.NODE_144945_length_824_cov_7.802253_g81688_i0
576633at33208a	SPADES.k25.NODE_104366_length_1164_cov_92.869183_g19362_i1
576938at33208a	SPADES.k41.NODE_151805_length_699_cov_6.834347_g89929_i0
576997at33208a	TransABySS.k25.S1449786
577068at33208a	SPADES.k41.NODE_123488_length_915_cov_4.186499_g65960_i0
577339at33208a	TransABySS.k53.S367010
577339at33208a	SOAP.k41.C1145845
577929at33208a	SPADES.k41.NODE_166830_length_613_cov_6.108392_g103692_i0
577929at33208a	SPADES.k25.NODE_179384_length_627_cov_10.958472_g110618_i0
578354at33208a	TransABySS.k41.R632991
578354at33208a	SPADES.k53.NODE_148221_length_628_cov_48.579130_g94645_i0
578354at33208a	SOAP.k41.C1070724
578582at33208a	SOAP.k41.C1153109
578582at33208a	SPADES.k41.NODE_90657_length_1291_cov_4.949600_g42130_i0
578582at33208a	TransABySS.k25.J1366735
578684at33208a	TRINITY_DN3826_c1_g1_i1
578726at33208a	SPADES.k25.NODE_43092_length_2202_cov_100.111162_g17288_i0
578734at33208a	SPADES.k41.NODE_60748_length_1833_cov_95.538504_g6276_i16
578734at33208a	SPADES.k41.NODE_71698_length_1605_cov_48.073529_g6276_i19
578959at33208a	SPADES.k25.NODE_192456_length_569_cov_4.981618_g122448_i0
578959at33208a	TRINITY_DN859_c0_g2_i1
579029at33208a	SPADES.k41.NODE_137878_length_796_cov_2.435762_g77818_i0
580062at33208a	SOAP.k25.C2311734
580062at33208a	SPADES.k25.NODE_152628_length_774_cov_2.959947_g87904_i0
580288at33208a	TransABySS.k25.S1290619
580288at33208a	SPADES.k41.NODE_212161_length_434_cov_48.877863_g147736_i0
580288at33208a	SOAP.k25.C2155734
580851at33208a	SPADES.k25.NODE_216017_length_482_cov_2.800875_g144711_i0
580896at33208a	TRINITY_DN2859_c0_g2_i1
580896at33208a	SOAP.k25.scaffold27441
581006at33208a	Velvet.k41.NODE_157039_length_733_cov_3.454297
581006at33208a	SPADES.k53.NODE_119538_length_840_cov_3.526048_g68518_i0
581475at33208a	TRINITY_DN92862_c0_g1_i1
581475at33208a	SPADES.k41.NODE_217605_length_419_cov_2.664021_g153166_i0
581543at33208a	TRINITY_DN1404_c0_g3_i1
581543at33208a	SPADES.k25.NODE_192283_length_570_cov_2.444037_g122287_i0
581547at33208a	SOAP.k53.scaffold27571
581547at33208a	SOAP.k53.scaffold27570
581621at33208a	SPADES.k25.NODE_110629_length_1101_cov_76.304833_g56210_i0
581621at33208a	SOAP.k53.C854788
581621at33208a	TRINITY_DN2895_c0_g1_i2
581717at33208a	SPADES.k25.NODE_27670_length_2798_cov_94.994230_g9215_i1
581779at33208a	SPADES.k25.NODE_27670_length_2798_cov_94.994230_g9215_i1
582265at33208a	SPADES.k41.NODE_86470_length_1351_cov_84.501527_g1959_i9
582265at33208a	SPADES.k25.NODE_171893_length_665_cov_3.160938_g104055_i0
582341at33208a	SPADES.k41.NODE_187642_length_517_cov_59.735294_g123535_i0
582341at33208a	SPADES.k25.NODE_204165_length_522_cov_70.857143_g133408_i0
582341at33208a	SPADES.k25.NODE_205002_length_519_cov_74.275304_g134197_i0
582473at33208a	TRINITY_DN35038_c0_g1_i1
582473at33208a	SPADES.k25.NODE_90147_length_1327_cov_6.112135_g42919_i1
582823at33208a	SPADES.k25.NODE_137791_length_874_cov_4.385159_g76108_i0
582951at33208a	SPADES.k25.NODE_189668_length_581_cov_2.214029_g119910_i0
582951at33208a	TransABySS.k25.R1369957
582951at33208a	TRINITY_DN2224_c6_g1_i10
583626at33208a	SPADES.k25.NODE_178093_length_634_cov_2.883415_g109465_i0
584023at33208a	TransABySS.k53.R405513
584333at33208a	TransABySS.k25.J1348219
584373at33208a	SPADES.k25.NODE_185925_length_597_cov_4.426573_g116510_i0
584373at33208a	Velvet.k25.NODE_552749_length_722_cov_3.095568
585078at33208a	SPADES.k25.NODE_248813_length_392_cov_2.994550_g176998_i0
585078at33208a	SPADES.k41.NODE_187259_length_519_cov_2.995816_g123165_i0
585232at33208a	SPADES.k25.NODE_148927_length_798_cov_2.902975_g84869_i0
585305at33208a	SPADES.k25.NODE_239449_length_414_cov_12.336761_g167712_i0
585305at33208a	TransABySS.k25.R1363700
585313at33208a	SPADES.k41.NODE_123378_length_916_cov_3.819429_g65878_i0
585313at33208a	TransABySS.k53.S456322
585656at33208a	SPADES.k25.NODE_189522_length_581_cov_21.228417_g119770_i0
585656at33208a	SOAP.k53.C883894
585656at33208a	TRINITY_DN117698_c0_g1_i1
585726at33208a	SPADES.k25.NODE_34497_length_2497_cov_114.347087_g15_i5
585809at33208a	SPADES.k25.NODE_78712_length_1484_cov_3.307060_g36041_i0
585809at33208a	SPADES.k53.NODE_66629_length_1590_cov_53.186727_g29309_i0
586156at33208a	SPADES.k25.NODE_189294_length_582_cov_27.502693_g119569_i0
586156at33208a	SPADES.k25.NODE_187025_length_592_cov_16.149912_g117488_i0
586310at33208a	SPADES.k41.NODE_169635_length_599_cov_2.765233_g106316_i0
586310at33208a	SOAP.k41.scaffold44574
586690at33208a	SPADES.k25.NODE_171805_length_665_cov_22.354688_g82383_i2
586690at33208a	TransABySS.k25.S1424334
586690at33208a	SPADES.k41.NODE_157697_length_663_cov_11.176849_g95254_i0
586719at33208a	SPADES.k25.NODE_91918_length_1306_cov_5.291959_g43977_i0
586719at33208a	SOAP.k41.C1136761
586719at33208a	SPADES.k25.NODE_191042_length_575_cov_3.967273_g121145_i0
587399at33208a	SPADES.k25.NODE_104954_length_1158_cov_95.270079_g7286_i4
587407at33208a	SPADES.k53.NODE_110990_length_923_cov_2.458621_g61287_i0
587407at33208a	TRINITY_DN8505_c1_g1_i13
587513at33208a	TRINITY_DN15345_c0_g2_i3
587688at33208a	SOAP.k41.scaffold28200
587958at33208a	SOAP.k25.C2148575
587958at33208a	SPADES.k25.NODE_177208_length_638_cov_8.696574_g106592_i1
587958at33208a	SPADES.k41.NODE_162151_length_638_cov_3.304858_g99329_i0
589773at33208a	SPADES.k41.NODE_97928_length_1192_cov_3.316247_g47009_i0
589901at33208a	TRINITY_DN1211_c0_g2_i12
590221at33208a	SPADES.k53.NODE_172477_length_509_cov_2.135965_g118306_i0
590347at33208a	SPADES.k25.NODE_38341_length_2356_cov_76.164307_g10988_i1
590416at33208a	TRINITY_DN45579_c0_g1_i1
590416at33208a	Velvet.k53.NODE_142743_length_1170_cov_3.960684
590416at33208a	TransABySS.k41.R608487
590470at33208a	SPADES.k41.NODE_128934_length_866_cov_5.447273_g70436_i0
591316at33208a	TRINITY_DN300359_c0_g1_i1
591391at33208a	SPADES.k25.NODE_202238_length_530_cov_2.415842_g131593_i0
591391at33208a	SPADES.k53.NODE_9035_length_5054_cov_63.953809_g333_i6
591498at33208a	TRINITY_DN182936_c0_g1_i1
591498at33208a	SPADES.k25.NODE_122434_length_994_cov_2.448916_g64544_i0
591498at33208a	SOAP.k53.C915732
592087at33208a	TRINITY_DN2370_c0_g1_i26
592087at33208a	SPADES.k53.NODE_49157_length_2037_cov_66.196573_g3907_i6
592087at33208a	SPADES.k25.NODE_192542_length_569_cov_1.854779_g122531_i0
592094at33208a	SPADES.k53.NODE_1817_length_8184_cov_62.248063_g681_i1
592094at33208a	TransABySS.k41.R617066
592759at33208a	TRINITY_DN26494_c0_g2_i1
592759at33208a	SPADES.k25.NODE_125801_length_966_cov_5.744952_g67010_i0
592759at33208a	TransABySS.k25.R1367538
592872at33208a	SPADES.k25.NODE_192669_length_568_cov_7.114180_g122642_i0
592872at33208a	SPADES.k25.NODE_192914_length_567_cov_5.913284_g122642_i1
592872at33208a	SOAP.k53.C835187
594172at33208a	TransABySS.k25.J1368127
594172at33208a	TransABySS.k25.S1448526
594172at33208a	SOAP.k41.C1043047
594271at33208a	SOAP.k25.C2211019
594842at33208a	SPADES.k25.NODE_114480_length_1065_cov_6.846154_g58843_i0
594842at33208a	TRINITY_DN27661_c0_g1_i1
594937at33208a	TransABySS.k41.S605845
595010at33208a	SPADES.k53.NODE_78798_length_1355_cov_62.775730_g37150_i0
595010at33208a	SPADES.k25.NODE_15926_length_3595_cov_77.958543_g6224_i0
595316at33208a	Velvet.k53.NODE_928088_length_636_cov_53.191822
595404at33208a	SOAP.k25.C2272502
595404at33208a	TRINITY_DN34676_c0_g1_i2
595404at33208a	SPADES.k25.NODE_127101_length_955_cov_9.225806_g67974_i0
595858at33208a	TRINITY_DN5873_c0_g1_i4
596131at33208a	TRINITY_DN41817_c0_g1_i1
596131at33208a	SOAP.k41.C1060176
596131at33208a	SPADES.k25.NODE_123497_length_984_cov_66.786236_g4297_i11
596973at33208a	TransABySS.k25.R1359096
597023at33208a	SPADES.k25.NODE_46390_length_2110_cov_89.641247_g14875_i1
597816at33208a	SPADES.k25.NODE_203823_length_524_cov_1.599198_g133089_i0
597816at33208a	TRINITY_DN6084_c1_g1_i11
598405at33208a	SPADES.k25.NODE_252100_length_385_cov_2.522222_g180272_i0
598405at33208a	SPADES.k25.NODE_238031_length_418_cov_3.236641_g166308_i0
598405at33208a	SPADES.k41.NODE_82538_length_1414_cov_78.857247_g20426_i1
598944at33208a	SPADES.k25.NODE_48888_length_2046_cov_94.671450_g20027_i0
599320at33208a	SOAP.k41.C994846
599320at33208a	SOAP.k41.C1020100
600462at33208a	TransABySS.k25.J1380818
600823at33208a	SPADES.k41.NODE_15605_length_4046_cov_106.746317_g1322_i3
601242at33208a	TransABySS.k25.R1369550
601650at33208a	SPADES.k25.NODE_141110_length_850_cov_4.513939_g78713_i0
601650at33208a	SPADES.k25.NODE_44218_length_2170_cov_92.208392_g17824_i0
601768at33208a	TransABySS.k25.R1388954
601875at33208a	SOAP.k41.C1230776
601886at33208a	TRINITY_DN1599_c0_g1_i16
601967at33208a	SPADES.k25.NODE_51608_length_1982_cov_87.584568_g5114_i3
602089at33208a	SPADES.k25.NODE_220411_length_468_cov_3.914221_g148988_i0
602089at33208a	TransABySS.k25.S654932
602089at33208a	SOAP.k25.C2196751
602148at33208a	SPADES.k53.NODE_4531_length_6378_cov_48.844743_g1940_i0
602587at33208a	SPADES.k53.NODE_186520_length_457_cov_3.344059_g132268_i0
602587at33208a	SPADES.k25.NODE_145879_length_818_cov_4.452711_g82430_i0
603239at33208a	SOAP.k41.scaffold15296
603370at33208a	TransABySS.k25.R1406718
603370at33208a	SPADES.k25.NODE_164943_length_701_cov_75.619822_g98057_i0
603370at33208a	SPADES.k25.NODE_164945_length_701_cov_73.838757_g98057_i1
603609at33208a	SPADES.k53.NODE_209646_length_392_cov_1.424779_g155369_i0
603609at33208a	SPADES.k25.NODE_199184_length_542_cov_2.764023_g128696_i0
603609at33208a	SPADES.k25.NODE_15188_length_3662_cov_95.422601_g5661_i1
603673at33208a	SPADES.k25.NODE_180668_length_621_cov_7.986577_g111769_i0
603673at33208a	SPADES.k25.NODE_178431_length_632_cov_6.850082_g109763_i0
604211at33208a	SPADES.k25.NODE_64950_length_1707_cov_96.419144_g6586_i4
604943at33208a	SPADES.k25.NODE_209325_length_504_cov_3.359081_g138272_i0
605189at33208a	SPADES.k25.NODE_226703_length_449_cov_3.610849_g155139_i0
606048at33208a	SPADES.k25.NODE_143161_length_836_cov_3.758323_g80336_i0
606539at33208a	SPADES.k41.NODE_155019_length_679_cov_41.992163_g92814_i0
606539at33208a	SPADES.k53.NODE_125215_length_791_cov_47.758808_g73503_i0
606748at33208a	Velvet.k41.NODE_968924_length_504_cov_3.301587
606748at33208a	SPADES.k25.NODE_226762_length_449_cov_2.591981_g155198_i0
606748at33208a	TransABySS.k25.J1373418
606776at33208a	TRINITY_DN91151_c0_g1_i2
606795at33208a	SPADES.k41.NODE_207981_length_447_cov_5.440887_g143576_i0
606795at33208a	SPADES.k53.NODE_174305_length_501_cov_5.765625_g120121_i0
606958at33208a	SPADES.k53.NODE_150041_length_618_cov_2.867257_g96381_i0
606958at33208a	SPADES.k25.NODE_85894_length_1381_cov_102.027286_g21650_i5
607862at33208a	SPADES.k25.NODE_223526_length_458_cov_73.891455_g152019_i0
607862at33208a	TRINITY_DN6738_c0_g2_i1
607862at33208a	TransABySS.k25.S462439
608011at33208a	SPADES.k25.NODE_163068_length_712_cov_3.310044_g96448_i0
608074at33208a	TransABySS.k25.R1382447
608190at33208a	SPADES.k25.NODE_176392_length_642_cov_7.058347_g107977_i0
608190at33208a	TRINITY_DN46580_c0_g1_i1
608669at33208a	SPADES.k25.NODE_134789_length_896_cov_3.549943_g73805_i0
608869at33208a	SPADES.k41.NODE_226818_length_395_cov_10.064972_g162362_i0
608869at33208a	TRINITY_DN11398_c0_g1_i1
608869at33208a	SPADES.k25.NODE_2906_length_6350_cov_70.514308_g1340_i0
608924at33208a	SPADES.k41.NODE_192804_length_497_cov_47.331140_g128567_i0
608924at33208a	SOAP.k41.C1028970
608924at33208a	TransABySS.k25.S1420077
609899at33208a	SPADES.k25.NODE_163766_length_708_cov_4.149341_g97032_i0
610427at33208a	SPADES.k25.NODE_71504_length_1595_cov_87.929299_g31868_i0
610427at33208a	SPADES.k25.NODE_191949_length_571_cov_17.426740_g121974_i0
610427at33208a	SPADES.k25.NODE_59476_length_1811_cov_13.003919_g25372_i0
610541at33208a	SPADES.k25.NODE_154550_length_762_cov_4.747626_g89446_i0
611258at33208a	SOAP.k41.C1152680
611258at33208a	SPADES.k53.NODE_88210_length_1205_cov_2.765625_g43738_i0
611258at33208a	TRINITY_DN37112_c0_g1_i2
611279at33208a	SPADES.k25.NODE_58695_length_1826_cov_77.693504_g24974_i0
611373at33208a	TransABySS.k25.S684680
611891at33208a	SPADES.k41.NODE_82347_length_1417_cov_67.215116_g18568_i2
612760at33208a	SPADES.k25.NODE_229436_length_441_cov_6.913462_g157824_i0
612760at33208a	SPADES.k25.NODE_215869_length_482_cov_16.630197_g144566_i0
612760at33208a	SPADES.k25.NODE_114172_length_1067_cov_282.559501_g58646_i0
612825at33208a	TransABySS.k25.S498904
613522at33208a	SPADES.k25.NODE_72277_length_1583_cov_87.663671_g17232_i1
613580at33208a	TransABySS.k25.R1380063
613851at33208a	TransABySS.k25.R1381264
613851at33208a	SPADES.k53.NODE_152578_length_603_cov_47.005455_g98835_i0
614305at33208a	SPADES.k53.NODE_152578_length_603_cov_47.005455_g98835_i0
615531at33208a	SOAP.k53.C861884
615531at33208a	TRINITY_DN15933_c0_g1_i1
615531at33208a	TransABySS.k25.R1388499
615585at33208a	SPADES.k41.NODE_194960_length_490_cov_3.285078_g130686_i0
615585at33208a	SPADES.k25.NODE_190508_length_577_cov_6.987319_g120671_i0
615585at33208a	SOAP.k41.scaffold30890
615840at33208a	TRINITY_DN122178_c0_g1_i1
616120at33208a	SPADES.k25.NODE_211063_length_498_cov_6.279070_g139937_i0
616120at33208a	SPADES.k41.NODE_164032_length_627_cov_7.848123_g101074_i0
616149at33208a	SPADES.k41.NODE_231006_length_386_cov_1.846377_g166546_i0
616149at33208a	TransABySS.k41.J606614
616613at33208a	SPADES.k53.NODE_166284_length_535_cov_7.682573_g112193_i0
616613at33208a	SPADES.k41.NODE_167780_length_608_cov_14.687831_g104590_i0
616613at33208a	TRINITY_DN2493_c1_g1_i2
616716at33208a	TransABySS.k25.S1120131
616716at33208a	SPADES.k25.NODE_141210_length_849_cov_11.412621_g78790_i0
617020at33208a	SOAP.k41.scaffold30097
617020at33208a	TransABySS.k41.R609175
617441at33208a	TransABySS.k25.S1370525
617441at33208a	TransABySS.k53.S411537
617441at33208a	TRINITY_DN2569_c0_g1_i117
617522at33208a	Velvet.k41.NODE_76496_length_612_cov_2.295752
617522at33208a	SPADES.k25.NODE_147080_length_810_cov_4.393631_g83392_i0
617667at33208a	SPADES.k25.NODE_244509_length_402_cov_2.710875_g172720_i0
617667at33208a	SPADES.k53.NODE_188431_length_451_cov_2.047739_g134175_i0
617667at33208a	SPADES.k53.NODE_133683_length_724_cov_65.564829_g44313_i3
618339at33208a	SPADES.k25.NODE_245653_length_399_cov_7.184492_g173856_i0
618339at33208a	SOAP.k25.scaffold8522
618421at33208a	SPADES.k25.NODE_174626_length_651_cov_7.873802_g106450_i0
618421at33208a	TRINITY_DN176425_c0_g1_i1
618516at33208a	TransABySS.k53.S433719
618986at33208a	SPADES.k41.NODE_191833_length_501_cov_5.080435_g127616_i0
618986at33208a	SPADES.k25.NODE_227723_length_446_cov_7.102138_g156143_i0
618986at33208a	SOAP.k25.scaffold39461
619250at33208a	SPADES.k41.NODE_8907_length_5079_cov_51.798531_g365_i2
619326at33208a	SPADES.k53.NODE_205570_length_401_cov_10.660920_g151293_i0
619326at33208a	SPADES.k25.NODE_204504_length_521_cov_11.028226_g133724_i0
619326at33208a	SPADES.k25.NODE_24310_length_2979_cov_115.925863_g9425_i0
619415at33208a	TransABySS.k25.R1366632
620546at33208a	TRINITY_DN150820_c0_g1_i1
620753at33208a	SPADES.k25.NODE_142562_length_840_cov_3.759509_g79861_i0
621585at33208a	SPADES.k41.NODE_205337_length_455_cov_8.007246_g140950_i0
621585at33208a	SPADES.k25.NODE_24231_length_2984_cov_70.019601_g9394_i0
621808at33208a	SPADES.k25.NODE_208718_length_506_cov_4.467775_g137698_i0
621808at33208a	TransABySS.k41.S676353
622156at33208a	SOAP.k53.scaffold13170
622156at33208a	SPADES.k25.NODE_9404_length_4398_cov_85.707981_g1524_i4
622172at33208a	SPADES.k25.NODE_122310_length_995_cov_5.183505_g64452_i0
622270at33208a	SPADES.k41.NODE_181781_length_542_cov_4.860279_g117870_i0
622270at33208a	SPADES.k25.NODE_160176_length_728_cov_119.295875_g94035_i0
622461at33208a	SOAP.k53.C735542
622461at33208a	SOAP.k53.C741274
622560at33208a	TransABySS.k25.S1448493
622560at33208a	SOAP.k53.C773268
622560at33208a	SOAP.k25.C2211893
623138at33208a	Velvet.k53.NODE_899247_length_622_cov_4.233119
623324at33208a	TransABySS.k25.S327123
623324at33208a	TransABySS.k41.S658524
623444at33208a	TRINITY_DN61039_c0_g1_i1
623995at33208a	TransABySS.k41.S1527
623995at33208a	TransABySS.k25.R1467999
625077at33208a	SPADES.k25.NODE_186140_length_596_cov_7.499124_g116696_i0
625077at33208a	SPADES.k25.NODE_285441_length_324_cov_3.327759_g213558_i0
625077at33208a	SPADES.k25.NODE_152966_length_771_cov_106.321716_g2709_i12
625091at33208a	SPADES.k25.NODE_165416_length_699_cov_3.652819_g98469_i0
625769at33208a	SPADES.k41.NODE_217019_length_421_cov_1.234211_g152580_i0
625769at33208a	TRINITY_DN15825_c0_g1_i4
628082at33208a	SOAP.k41.scaffold2892
628231at33208a	SPADES.k25.NODE_142890_length_838_cov_2.885609_g79413_i1
628231at33208a	SPADES.k25.NODE_141998_length_844_cov_2.738706_g79413_i0
628247at33208a	SPADES.k41.NODE_180857_length_546_cov_5.312871_g116973_i0
629763at33208a	SOAP.k41.C900179
629763at33208a	SPADES.k53.NODE_248787_length_320_cov_4.760300_g194504_i0
630073at33208a	SPADES.k25.NODE_200168_length_538_cov_5.364522_g129636_i0
630073at33208a	SPADES.k25.NODE_25422_length_2917_cov_54.292877_g5381_i1
631107at33208a	SPADES.k25.NODE_1651_length_7438_cov_73.065561_g815_i0
631173at33208a	SPADES.k41.NODE_228928_length_390_cov_15.564470_g164471_i0
631173at33208a	SPADES.k25.NODE_203665_length_524_cov_13.140281_g132937_i0
631173at33208a	SPADES.k41.NODE_179054_length_554_cov_6.565302_g115243_i0
631196at33208a	SPADES.k41.NODE_136098_length_809_cov_2.660156_g76369_i0
631196at33208a	Velvet.k53.NODE_515702_length_849_cov_5.959953
631662at33208a	SOAP.k41.C919144
631662at33208a	SPADES.k41.NODE_154352_length_683_cov_37.658879_g92211_i0
631662at33208a	SPADES.k25.NODE_197036_length_550_cov_68.422857_g126701_i0
631767at33208a	SPADES.k25.NODE_62013_length_1761_cov_89.656682_g22420_i1
631798at33208a	SPADES.k25.NODE_187597_length_590_cov_3.054867_g118007_i0
631811at33208a	TRINITY_DN6409_c0_g2_i10
632234at33208a	SPADES.k41.NODE_209760_length_441_cov_66.345000_g145346_i0
632234at33208a	SPADES.k25.NODE_140856_length_851_cov_93.185230_g78511_i0
632234at33208a	TransABySS.k53.S465929
632472at33208a	TransABySS.k41.J603071
632566at33208a	SPADES.k25.NODE_147811_length_805_cov_4.998718_g83977_i0
633007at33208a	SPADES.k25.NODE_110911_length_1099_cov_3.680633_g56404_i0
633282at33208a	SPADES.k25.NODE_214645_length_486_cov_10.492408_g143382_i0
633282at33208a	SOAP.k53.C756078
633282at33208a	SPADES.k25.NODE_214333_length_487_cov_8.930736_g143084_i0
633619at33208a	TransABySS.k41.R608901
634446at33208a	TransABySS.k25.R1373679
634446at33208a	TransABySS.k25.R1413481
634446at33208a	SPADES.k25.NODE_188791_length_584_cov_59.291592_g110577_i1
634447at33208a	SPADES.k25.NODE_211246_length_497_cov_88.739407_g140115_i0
636041at33208a	SOAP.k41.scaffold37444
636041at33208a	Velvet.k41.NODE_163874_length_517_cov_6.116054
636070at33208a	SPADES.k25.NODE_194212_length_562_cov_3.851024_g124056_i0
636300at33208a	SPADES.k25.NODE_250131_length_389_cov_5.219780_g178311_i0
636300at33208a	SPADES.k25.NODE_230851_length_437_cov_8.594660_g159225_i0
636300at33208a	SPADES.k41.NODE_224415_length_401_cov_7.622222_g159964_i0
636423at33208a	Velvet.k41.NODE_1602451_length_450_cov_2.028889
637971at33208a	TRINITY_DN241520_c0_g1_i1
638541at33208a	SPADES.k41.NODE_139368_length_785_cov_1.754032_g79091_i0
639252at33208a	SPADES.k25.NODE_205986_length_516_cov_3.665988_g135125_i0
639252at33208a	SPADES.k41.NODE_219450_length_414_cov_3.742627_g155006_i0
640187at33208a	TRINITY_DN10783_c1_g1_i13
640349at33208a	SOAP.k25.C2131676
641073at33208a	SPADES.k25.NODE_27736_length_2794_cov_95.040809_g6475_i1
641257at33208a	Velvet.k53.NODE_1371974_length_447_cov_49.362415
641257at33208a	SOAP.k53.scaffold35308
642323at33208a	SPADES.k25.NODE_189600_length_581_cov_4.762590_g119844_i0
642552at33208a	SPADES.k53.NODE_139643_length_683_cov_2.300000_g86591_i0
642773at33208a	SOAP.k53.C888788
642773at33208a	SPADES.k41.NODE_81355_length_1434_cov_11.797559_g36205_i0
643380at33208a	SPADES.k25.NODE_148733_length_799_cov_6.647287_g84706_i0
643883at33208a	SPADES.k25.NODE_120588_length_1010_cov_4.617259_g63208_i0
643954at33208a	SPADES.k25.NODE_391805_length_233_cov_1.057692_g319922_i0
644034at33208a	Velvet.k41.NODE_257944_length_454_cov_2.801762
648300at33208a	Velvet.k41.NODE_1014279_length_696_cov_3.028736
649979at33208a	SPADES.k25.NODE_230257_length_439_cov_3.188406_g158635_i0
649979at33208a	SPADES.k53.NODE_154424_length_594_cov_2.519409_g100609_i0
